year,地域コード,昼間通学者／総数（人）,昼間通学者／男（人）,昼間通学者／女（人）,常住通学者／総数（人）,常住通学者／男（人）,常住通学者／女（人）,流入通学者／総数（人）,流入通学者／男（人）,流入通学者／女（人）,流出通学者／総数（人）,流出通学者／男（人）,流出通学者／女（人）,流入超過通学者／総数（人）,流入超過通学者／男（人）,流入超過通学者／女（人）,残留通学者／総数（人）,残留通学者／男（人）,残留通学者／女（人）,昼夜間通学者比率／総数,昼夜間通学者比率／男,昼夜間通学者比率／女
2015,13000,1679335.0,864244.0,815091.0,1421603.0,737130.0,684473.0,327011.0,166858.0,160153.0,69279.0,39744.0,29535.0,257732.0,127114.0,130618.0,1352324.0,697386.0,654938.0,118.1,117.2,119.1
2015,13100,1133360.0,580791.0,552569.0,892019.0,460368.0,431651.0,317539.0,161768.0,155771.0,76198.0,41345.0,34853.0,241341.0,120423.0,120918.0,815821.0,419023.0,396798.0,127.1,126.2,128.0
2015,13101,69443.0,33328.0,36115.0,5654.0,2800.0,2854.0,65405.0,31337.0,34068.0,1616.0,809.0,807.0,63789.0,30528.0,33261.0,4038.0,1991.0,2047.0,1228.2,1190.3,1265.4
2015,13102,10298.0,4963.0,5335.0,10667.0,5382.0,5285.0,3277.0,1347.0,1930.0,3646.0,1766.0,1880.0,-369.0,-419.0,50.0,7021.0,3616.0,3405.0,96.5,92.2,100.9
2015,13103,45898.0,22780.0,23118.0,20072.0,10214.0,9858.0,31232.0,15299.0,15933.0,5406.0,2733.0,2673.0,25826.0,12566.0,13260.0,14666.0,7481.0,7185.0,228.7,223.0,234.5
2015,13104,83025.0,47796.0,35229.0,25266.0,12976.0,12290.0,66148.0,38819.0,27329.0,8389.0,3999.0,4390.0,57759.0,34820.0,22939.0,16877.0,8977.0,7900.0,328.6,368.3,286.6
2015,13105,67476.0,34963.0,32513.0,24673.0,13256.0,11417.0,51436.0,26278.0,25158.0,8633.0,4571.0,4062.0,42803.0,21707.0,21096.0,16040.0,8685.0,7355.0,273.5,263.8,284.8
2015,13106,17319.0,8824.0,8495.0,14698.0,7562.0,7136.0,7495.0,3766.0,3729.0,4874.0,2504.0,2370.0,2621.0,1262.0,1359.0,9824.0,5058.0,4766.0,117.8,116.7,119.0
2015,13107,21302.0,11461.0,9841.0,22193.0,11515.0,10678.0,6380.0,3690.0,2690.0,7271.0,3744.0,3527.0,-891.0,-54.0,-837.0,14922.0,7771.0,7151.0,96.0,99.5,92.2
2015,13108,42970.0,22767.0,20203.0,48999.0,25404.0,23595.0,9039.0,5052.0,3987.0,15068.0,7689.0,7379.0,-6029.0,-2637.0,-3392.0,33931.0,17715.0,16216.0,87.7,89.6,85.6
2015,13109,40170.0,19360.0,20810.0,32908.0,16824.0,16084.0,18442.0,8187.0,10255.0,11180.0,5651.0,5529.0,7262.0,2536.0,4726.0,21728.0,11173.0,10555.0,122.1,115.1,129.4
2015,13110,32378.0,19262.0,13116.0,25311.0,13054.0,12257.0,17542.0,11385.0,6157.0,10475.0,5177.0,5298.0,7067.0,6208.0,859.0,14836.0,7877.0,6959.0,127.9,147.6,107.0
2015,13111,57941.0,30809.0,27132.0,69322.0,35846.0,33476.0,11385.0,6421.0,4964.0,22766.0,11458.0,11308.0,-11381.0,-5037.0,-6344.0,46556.0,24388.0,22168.0,83.6,85.9,81.0
2015,13112,120823.0,63316.0,57507.0,93647.0,49636.0,44011.0,57517.0,29682.0,27835.0,30341.0,16002.0,14339.0,27176.0,13680.0,13496.0,63306.0,33634.0,29672.0,129.0,127.6,130.7
2015,13113,50504.0,20519.0,29985.0,16422.0,8224.0,8198.0,40564.0,15549.0,25015.0,6482.0,3254.0,3228.0,34082.0,12295.0,21787.0,9940.0,4970.0,4970.0,307.5,249.5,365.8
2015,13114,31218.0,15833.0,15385.0,25581.0,13233.0,12348.0,16678.0,8295.0,8383.0,11041.0,5695.0,5346.0,5637.0,2600.0,3037.0,14540.0,7538.0,7002.0,122.0,119.6,124.6
2015,13115,55044.0,26012.0,29032.0,52769.0,26876.0,25893.0,23490.0,10152.0,13338.0,21215.0,11016.0,10199.0,2275.0,-864.0,3139.0,31554.0,15860.0,15694.0,104.3,96.8,112.1
2015,13116,56061.0,28763.0,27298.0,23405.0,12070.0,11335.0,41947.0,21472.0,20475.0,9291.0,4779.0,4512.0,32656.0,16693.0,15963.0,14114.0,7291.0,6823.0,239.5,238.3,240.8
2015,13117,32147.0,15435.0,16712.0,29281.0,15154.0,14127.0,12849.0,5515.0,7334.0,9983.0,5234.0,4749.0,2866.0,281.0,2585.0,19298.0,9920.0,9378.0,109.8,101.9,118.3
2015,13118,17443.0,9662.0,7781.0,20068.0,10331.0,9737.0,4528.0,3014.0,1514.0,7153.0,3683.0,3470.0,-2625.0,-669.0,-1956.0,12915.0,6648.0,6267.0,86.9,93.5,79.9
2015,13119,55824.0,27376.0,28448.0,55314.0,28059.0,27255.0,18481.0,8287.0,10194.0,17971.0,8970.0,9001.0,510.0,-683.0,1193.0,37343.0,19089.0,18254.0,100.9,97.6,104.4
2015,13120,63681.0,33242.0,30439.0,79728.0,41257.0,38471.0,10135.0,5506.0,4629.0,26182.0,13521.0,12661.0,-16047.0,-8015.0,-8032.0,53546.0,27736.0,25810.0,79.9,80.6,79.1
2015,13121,58328.0,31360.0,26968.0,67662.0,34936.0,32726.0,7866.0,5188.0,2678.0,17200.0,8764.0,8436.0,-9334.0,-3576.0,-5758.0,50462.0,26172.0,24290.0,86.2,89.8,82.4
2015,13122,37943.0,20287.0,17656.0,46372.0,24061.0,22311.0,5664.0,3463.0,2201.0,14093.0,7237.0,6856.0,-8429.0,-3774.0,-4655.0,32279.0,16824.0,15455.0,81.8,84.3,79.1
2015,13123,66124.0,32673.0,33451.0,82007.0,41698.0,40309.0,7023.0,2708.0,4315.0,22906.0,11733.0,11173.0,-15883.0,-9025.0,-6858.0,59101.0,29965.0,29136.0,80.6,78.4,83.0
2015,13200,538828.0,279702.0,259126.0,520554.0,271915.0,248639.0,104250.0,53761.0,50489.0,85976.0,45974.0,40002.0,18274.0,7787.0,10487.0,434578.0,225941.0,208637.0,103.5,102.9,104.2
2015,13201,107054.0,60579.0,46475.0,78183.0,42049.0,36134.0,46311.0,27489.0,18822.0,17440.0,8959.0,8481.0,28871.0,18530.0,10341.0,60743.0,33090.0,27653.0,136.9,144.1,128.6
2015,13202,19661.0,9920.0,9741.0,18261.0,9183.0,9078.0,7877.0,4069.0,3808.0,6477.0,3332.0,3145.0,1400.0,737.0,663.0,11784.0,5851.0,5933.0,107.7,108.0,107.3
2015,13203,25082.0,12368.0,12714.0,16261.0,8290.0,7971.0,15797.0,7587.0,8210.0,6976.0,3509.0,3467.0,8821.0,4078.0,4743.0,9285.0,4781.0,4504.0,154.2,149.2,159.5
2015,13204,20894.0,10178.0,10716.0,23397.0,11951.0,11446.0,6056.0,2625.0,3431.0,8559.0,4398.0,4161.0,-2503.0,-1773.0,-730.0,14838.0,7553.0,7285.0,89.3,85.2,93.6
2015,13205,12116.0,6172.0,5944.0,15911.0,8274.0,7637.0,1100.0,510.0,590.0,4895.0,2612.0,2283.0,-3795.0,-2102.0,-1693.0,11016.0,5662.0,5354.0,76.1,74.6,77.8
2015,13206,27793.0,14332.0,13461.0,32241.0,16746.0,15495.0,6425.0,3176.0,3249.0,10873.0,5590.0,5283.0,-4448.0,-2414.0,-2034.0,21368.0,11156.0,10212.0,86.2,85.6,86.9
2015,13207,10372.0,5287.0,5085.0,13091.0,6709.0,6382.0,1833.0,943.0,890.0,4552.0,2365.0,2187.0,-2719.0,-1422.0,-1297.0,8539.0,4344.0,4195.0,79.2,78.8,79.7
2015,13208,27840.0,13433.0,14407.0,28527.0,15116.0,13411.0,9688.0,3924.0,5764.0,10375.0,5607.0,4768.0,-687.0,-1683.0,996.0,18152.0,9509.0,8643.0,97.6,88.9,107.4
2015,13209,65380.0,34035.0,31345.0,57055.0,29738.0,27317.0,23397.0,12080.0,11317.0,15072.0,7783.0,7289.0,8325.0,4297.0,4028.0,41983.0,21955.0,20028.0,114.6,114.4,114.7
2015,13210,20438.0,11944.0,8494.0,15523.0,8410.0,7113.0,11140.0,6807.0,4333.0,6225.0,3273.0,2952.0,4915.0,3534.0,1381.0,9298.0,5137.0,4161.0,131.7,142.0,119.4
2015,13211,25720.0,11438.0,14282.0,25865.0,13439.0,12426.0,9760.0,3375.0,6385.0,9905.0,5376.0,4529.0,-145.0,-2001.0,1856.0,15960.0,8063.0,7897.0,99.4,85.1,114.9
2015,13212,22299.0,11878.0,10421.0,23810.0,12608.0,11202.0,7130.0,4069.0,3061.0,8641.0,4799.0,3842.0,-1511.0,-730.0,-781.0,15169.0,7809.0,7360.0,93.7,94.2,93.0
2015,13213,14117.0,7291.0,6826.0,18439.0,9541.0,8898.0,2455.0,1244.0,1211.0,6777.0,3494.0,3283.0,-4322.0,-2250.0,-2072.0,11662.0,6047.0,5615.0,76.6,76.4,76.7
2015,13214,15454.0,8660.0,6794.0,15270.0,7825.0,7445.0,6916.0,4257.0,2659.0,6732.0,3422.0,3310.0,184.0,835.0,-651.0,8538.0,4403.0,4135.0,101.2,110.7,91.3
2015,13215,14762.0,8167.0,6595.0,9721.0,5032.0,4689.0,8581.0,4982.0,3599.0,3540.0,1847.0,1693.0,5041.0,3135.0,1906.0,6181.0,3185.0,2996.0,151.9,162.3,140.6
2015,13218,4003.0,2224.0,1779.0,5077.0,2663.0,2414.0,907.0,585.0,322.0,1981.0,1024.0,957.0,-1074.0,-439.0,-635.0,3096.0,1639.0,1457.0,78.8,83.5,73.7
2015,13219,5798.0,2944.0,2854.0,8667.0,4583.0,4084.0,1020.0,449.0,571.0,3889.0,2088.0,1801.0,-2869.0,-1639.0,-1230.0,4778.0,2495.0,2283.0,66.9,64.2,69.9
2015,13220,8464.0,4223.0,4241.0,10332.0,5287.0,5045.0,1583.0,770.0,813.0,3451.0,1834.0,1617.0,-1868.0,-1064.0,-804.0,6881.0,3453.0,3428.0,81.9,79.9,84.1
2015,13221,9342.0,4513.0,4829.0,9269.0,4703.0,4566.0,3014.0,1293.0,1721.0,2941.0,1483.0,1458.0,73.0,-190.0,263.0,6328.0,3220.0,3108.0,100.8,96.0,105.8
2015,13222,10520.0,5449.0,5071.0,14165.0,7330.0,6835.0,1453.0,730.0,723.0,5098.0,2611.0,2487.0,-3645.0,-1881.0,-1764.0,9067.0,4719.0,4348.0,74.3,74.3,74.2
2015,13223,9012.0,4437.0,4575.0,9198.0,4689.0,4509.0,2008.0,885.0,1123.0,2194.0,1137.0,1057.0,-186.0,-252.0,66.0,7004.0,3552.0,3452.0,98.0,94.6,101.5
2015,13224,19157.0,9023.0,10134.0,17220.0,8937.0,8283.0,7805.0,3167.0,4638.0,5868.0,3081.0,2787.0,1937.0,86.0,1851.0,11352.0,5856.0,5496.0,111.2,101.0,122.3
2015,13225,9760.0,4173.0,5587.0,12427.0,6430.0,5997.0,1878.0,186.0,1692.0,4545.0,2443.0,2102.0,-2667.0,-2257.0,-410.0,7882.0,3987.0,3895.0,78.5,64.9,93.2
2015,13227,5408.0,2782.0,2626.0,7019.0,3574.0,3445.0,775.0,456.0,319.0,2386.0,1248.0,1138.0,-1611.0,-792.0,-819.0,4633.0,2326.0,2307.0,77.0,77.8,76.2
2015,13228,9084.0,4892.0,4192.0,10124.0,5298.0,4826.0,1865.0,1106.0,759.0,2905.0,1512.0,1393.0,-1040.0,-406.0,-634.0,7219.0,3786.0,3433.0,89.7,92.3,86.9
2015,13229,19298.0,9360.0,9938.0,25501.0,13510.0,11991.0,4511.0,1771.0,2740.0,10714.0,5921.0,4793.0,-6203.0,-4150.0,-2053.0,14787.0,7589.0,7198.0,75.7,69.3,82.9
2015,13300,4633.0,2365.0,2268.0,6569.0,3499.0,3070.0,338.0,122.0,216.0,2274.0,1256.0,1018.0,-1936.0,-1134.0,-802.0,4295.0,2243.0,2052.0,70.5,67.6,73.9
2015,13303,3082.0,1548.0,1534.0,4080.0,2113.0,1967.0,334.0,116.0,218.0,1332.0,681.0,651.0,-998.0,-565.0,-433.0,2748.0,1432.0,1316.0,75.5,73.3,78.0
2015,13305,1234.0,646.0,588.0,1943.0,1092.0,851.0,10.0,6.0,4.0,719.0,452.0,267.0,-709.0,-446.0,-263.0,1224.0,640.0,584.0,63.5,59.2,69.1
2015,13307,91.0,44.0,47.0,159.0,79.0,80.0,0.0,,,68.0,35.0,33.0,-68.0,-35.0,-33.0,91.0,44.0,47.0,57.2,55.7,58.8
2015,13308,226.0,127.0,99.0,387.0,215.0,172.0,5.0,4.0,1.0,166.0,92.0,74.0,-161.0,-88.0,-73.0,221.0,123.0,98.0,58.4,59.1,57.6
2015,13350,2514.0,1386.0,1128.0,2461.0,1348.0,1113.0,77.0,47.0,30.0,24.0,9.0,15.0,53.0,38.0,15.0,2437.0,1339.0,1098.0,102.2,102.8,101.3
2015,13361,893.0,516.0,377.0,872.0,497.0,375.0,29.0,22.0,7.0,8.0,3.0,5.0,21.0,19.0,2.0,864.0,494.0,370.0,102.4,103.8,100.5
2015,13362,35.0,22.0,13.0,25.0,16.0,9.0,10.0,6.0,4.0,,,,10.0,6.0,4.0,25.0,16.0,9.0,140.0,137.5,144.4
2015,13363,243.0,127.0,116.0,238.0,124.0,114.0,7.0,3.0,4.0,2.0,,2.0,5.0,3.0,2.0,236.0,124.0,112.0,102.1,102.4,101.8
2015,13364,208.0,111.0,97.0,206.0,112.0,94.0,4.0,1.0,3.0,2.0,2.0,,2.0,-1.0,3.0,204.0,110.0,94.0,101.0,99.1,103.2
2015,13381,142.0,90.0,52.0,142.0,90.0,52.0,4.0,2.0,2.0,4.0,2.0,2.0,,,,138.0,88.0,50.0,100.0,100.0,100.0
2015,13382,23.0,13.0,10.0,19.0,12.0,7.0,4.0,1.0,3.0,,,,4.0,1.0,3.0,19.0,12.0,7.0,121.1,108.3,142.9
2015,13401,690.0,363.0,327.0,683.0,356.0,327.0,12.0,7.0,5.0,5.0,,5.0,7.0,7.0,,678.0,356.0,322.0,101.0,102.0,100.0
2015,13402,19.0,10.0,9.0,14.0,6.0,8.0,5.0,4.0,1.0,,,,5.0,4.0,1.0,14.0,6.0,8.0,135.7,166.7,112.5
2015,13421,261.0,134.0,127.0,262.0,135.0,127.0,2.0,1.0,1.0,3.0,2.0,1.0,-1.0,-1.0,,259.0,133.0,126.0,99.6,99.3,100.0
2020,13000,1573582.0,806714.0,766868.0,1373261.0,709316.0,663945.0,256398.0,129199.0,127199.0,56077.0,31801.0,24276.0,200321.0,97398.0,102923.0,1317184.0,677515.0,639669.0,114.6,113.7,115.5
2020,13100,1069149.0,545507.0,523642.0,884026.0,454517.0,429509.0,251026.0,126179.0,124847.0,65903.0,35189.0,30714.0,185123.0,90990.0,94133.0,818123.0,419328.0,398795.0,120.9,120.0,121.9
2020,13101,59970.0,26799.0,33171.0,7046.0,3496.0,3550.0,54669.0,24188.0,30481.0,1745.0,885.0,860.0,52924.0,23303.0,29621.0,5301.0,2611.0,2690.0,851.1,766.6,934.4
2020,13102,12608.0,6138.0,6470.0,14224.0,7154.0,7070.0,2884.0,1207.0,1677.0,4500.0,2223.0,2277.0,-1616.0,-1016.0,-600.0,9724.0,4931.0,4793.0,88.6,85.8,91.5
2020,13103,42777.0,21036.0,21741.0,22244.0,11308.0,10936.0,26661.0,12790.0,13871.0,6128.0,3062.0,3066.0,20533.0,9728.0,10805.0,16116.0,8246.0,7870.0,192.3,186.0,198.8
2020,13104,70931.0,39835.0,31096.0,24192.0,12193.0,11999.0,54461.0,31264.0,23197.0,7722.0,3622.0,4100.0,46739.0,27642.0,19097.0,16470.0,8571.0,7899.0,293.2,326.7,259.2
2020,13105,62616.0,32399.0,30217.0,25836.0,13597.0,12239.0,44869.0,22983.0,21886.0,8089.0,4181.0,3908.0,36780.0,18802.0,17978.0,17747.0,9416.0,8331.0,242.4,238.3,246.9
2020,13106,16499.0,8522.0,7977.0,14285.0,7326.0,6959.0,6890.0,3531.0,3359.0,4676.0,2335.0,2341.0,2214.0,1196.0,1018.0,9609.0,4991.0,4618.0,115.5,116.3,114.6
2020,13107,21555.0,11385.0,10170.0,21592.0,11113.0,10479.0,6404.0,3530.0,2874.0,6441.0,3258.0,3183.0,-37.0,272.0,-309.0,15151.0,7855.0,7296.0,99.8,102.4,97.1
2020,13108,45235.0,24330.0,20905.0,51264.0,26490.0,24774.0,8926.0,5429.0,3497.0,14955.0,7589.0,7366.0,-6029.0,-2160.0,-3869.0,36309.0,18901.0,17408.0,88.2,91.8,84.4
2020,13109,40115.0,19658.0,20457.0,35369.0,18094.0,17275.0,15700.0,7063.0,8637.0,10954.0,5499.0,5455.0,4746.0,1564.0,3182.0,24415.0,12595.0,11820.0,113.4,108.6,118.4
2020,13110,32214.0,18648.0,13566.0,25380.0,13067.0,12313.0,15901.0,9969.0,5932.0,9067.0,4388.0,4679.0,6834.0,5581.0,1253.0,16313.0,8679.0,7634.0,126.9,142.7,110.2
2020,13111,56422.0,29710.0,26712.0,66501.0,34228.0,32273.0,9847.0,5448.0,4399.0,19926.0,9966.0,9960.0,-10079.0,-4518.0,-5561.0,46575.0,24262.0,22313.0,84.8,86.8,82.8
2020,13112,116747.0,60236.0,56511.0,98854.0,51680.0,47174.0,47807.0,24170.0,23637.0,29914.0,15614.0,14300.0,17893.0,8556.0,9337.0,68940.0,36066.0,32874.0,118.1,116.6,119.8
2020,13113,42833.0,17346.0,25487.0,17362.0,8650.0,8712.0,31560.0,11729.0,19831.0,6089.0,3033.0,3056.0,25471.0,8696.0,16775.0,11273.0,5617.0,5656.0,246.7,200.5,292.6
2020,13114,31060.0,15808.0,15252.0,24804.0,12721.0,12083.0,15261.0,7659.0,7602.0,9005.0,4572.0,4433.0,6256.0,3087.0,3169.0,15799.0,8149.0,7650.0,125.2,124.3,126.2
2020,13115,53240.0,25941.0,27299.0,51388.0,26145.0,25243.0,19870.0,8871.0,10999.0,18018.0,9075.0,8943.0,1852.0,-204.0,2056.0,33370.0,17070.0,16300.0,103.6,99.2,108.1
2020,13116,48566.0,25151.0,23415.0,23694.0,12096.0,11598.0,33476.0,17378.0,16098.0,8604.0,4323.0,4281.0,24872.0,13055.0,11817.0,15090.0,7773.0,7317.0,205.0,207.9,201.9
2020,13117,31577.0,15709.0,15868.0,29105.0,14999.0,14106.0,11633.0,5446.0,6187.0,9161.0,4736.0,4425.0,2472.0,710.0,1762.0,19944.0,10263.0,9681.0,108.5,104.7,112.5
2020,13118,17178.0,9506.0,7672.0,19969.0,10203.0,9766.0,3961.0,2737.0,1224.0,6752.0,3434.0,3318.0,-2791.0,-697.0,-2094.0,13217.0,6769.0,6448.0,86.0,93.2,78.6
2020,13119,52105.0,25477.0,26628.0,52236.0,26725.0,25511.0,15044.0,6410.0,8634.0,15175.0,7658.0,7517.0,-131.0,-1248.0,1117.0,37061.0,19067.0,17994.0,99.7,95.3,104.4
2020,13120,61948.0,32221.0,29727.0,77241.0,39739.0,37502.0,9680.0,5191.0,4489.0,24973.0,12709.0,12264.0,-15293.0,-7518.0,-7775.0,52268.0,27030.0,25238.0,80.2,81.1,79.3
2020,13121,55118.0,29532.0,25586.0,63488.0,32682.0,30806.0,7482.0,4701.0,2781.0,15852.0,7851.0,8001.0,-8370.0,-3150.0,-5220.0,47636.0,24831.0,22805.0,86.8,90.4,83.1
2020,13122,36318.0,19521.0,16797.0,43365.0,22523.0,20842.0,4856.0,3027.0,1829.0,11903.0,6029.0,5874.0,-7047.0,-3002.0,-4045.0,31462.0,16494.0,14968.0,83.7,86.7,80.6
2020,13123,61517.0,30599.0,30918.0,74587.0,38288.0,36299.0,6590.0,2468.0,4122.0,19660.0,10157.0,9503.0,-13070.0,-7689.0,-5381.0,54927.0,28131.0,26796.0,82.5,79.9,85.2
2020,13200,497592.0,257633.0,239959.0,480972.0,250374.0,230598.0,83536.0,42899.0,40637.0,66916.0,35640.0,31276.0,16620.0,7259.0,9361.0,414056.0,214734.0,199322.0,103.5,102.9,104.1
2020,13201,91749.0,51282.0,40467.0,69453.0,37155.0,32298.0,35694.0,21013.0,14681.0,13398.0,6886.0,6512.0,22296.0,14127.0,8169.0,56055.0,30269.0,25786.0,132.1,138.0,125.3
2020,13202,20718.0,10398.0,10320.0,19356.0,9902.0,9454.0,7000.0,3409.0,3591.0,5638.0,2913.0,2725.0,1362.0,496.0,866.0,13718.0,6989.0,6729.0,107.0,105.0,109.2
2020,13203,22719.0,10996.0,11723.0,15622.0,8005.0,7617.0,12672.0,5814.0,6858.0,5575.0,2823.0,2752.0,7097.0,2991.0,4106.0,10047.0,5182.0,4865.0,145.4,137.4,153.9
2020,13204,21649.0,10546.0,11103.0,22206.0,11324.0,10882.0,6617.0,2936.0,3681.0,7174.0,3714.0,3460.0,-557.0,-778.0,221.0,15032.0,7610.0,7422.0,97.5,93.1,102.0
2020,13205,10559.0,5336.0,5223.0,13338.0,6876.0,6462.0,934.0,410.0,524.0,3713.0,1950.0,1763.0,-2779.0,-1540.0,-1239.0,9625.0,4926.0,4699.0,79.2,77.6,80.8
2020,13206,27269.0,13994.0,13275.0,30965.0,15962.0,15003.0,5543.0,2754.0,2789.0,9239.0,4722.0,4517.0,-3696.0,-1968.0,-1728.0,21726.0,11240.0,10486.0,88.1,87.7,88.5
2020,13207,10203.0,5242.0,4961.0,12160.0,6240.0,5920.0,1789.0,945.0,844.0,3746.0,1943.0,1803.0,-1957.0,-998.0,-959.0,8414.0,4297.0,4117.0,83.9,84.0,83.8
2020,13208,26151.0,12755.0,13396.0,26092.0,13678.0,12414.0,8175.0,3424.0,4751.0,8116.0,4347.0,3769.0,59.0,-923.0,982.0,17976.0,9331.0,8645.0,100.2,93.3,107.9
2020,13209,56814.0,29666.0,27148.0,52587.0,27504.0,25083.0,17709.0,9200.0,8509.0,13482.0,7038.0,6444.0,4227.0,2162.0,2065.0,39105.0,20466.0,18639.0,108.0,107.9,108.2
2020,13210,18720.0,10764.0,7956.0,14067.0,7467.0,6600.0,9474.0,5743.0,3731.0,4821.0,2446.0,2375.0,4653.0,3297.0,1356.0,9246.0,5021.0,4225.0,133.1,144.2,120.5
2020,13211,25290.0,11632.0,13658.0,23570.0,12251.0,11319.0,8527.0,3018.0,5509.0,6807.0,3637.0,3170.0,1720.0,-619.0,2339.0,16763.0,8614.0,8149.0,107.3,94.9,120.7
2020,13212,20439.0,10734.0,9705.0,21656.0,11352.0,10304.0,5599.0,3035.0,2564.0,6816.0,3653.0,3163.0,-1217.0,-618.0,-599.0,14840.0,7699.0,7141.0,94.4,94.6,94.2
2020,13213,13634.0,7031.0,6603.0,16683.0,8665.0,8018.0,2255.0,1103.0,1152.0,5304.0,2737.0,2567.0,-3049.0,-1634.0,-1415.0,11379.0,5928.0,5451.0,81.7,81.1,82.4
2020,13214,14258.0,8006.0,6252.0,14237.0,7368.0,6869.0,5426.0,3352.0,2074.0,5405.0,2714.0,2691.0,21.0,638.0,-617.0,8832.0,4654.0,4178.0,100.1,108.7,91.0
2020,13215,12832.0,7114.0,5718.0,8673.0,4459.0,4214.0,7035.0,4139.0,2896.0,2876.0,1484.0,1392.0,4159.0,2655.0,1504.0,5797.0,2975.0,2822.0,148.0,159.5,135.7
2020,13218,4244.0,2274.0,1970.0,5006.0,2574.0,2432.0,775.0,505.0,270.0,1537.0,805.0,732.0,-762.0,-300.0,-462.0,3469.0,1769.0,1700.0,84.8,88.3,81.0
2020,13219,6183.0,3145.0,3038.0,8534.0,4459.0,4075.0,929.0,436.0,493.0,3280.0,1750.0,1530.0,-2351.0,-1314.0,-1037.0,5254.0,2709.0,2545.0,72.5,70.5,74.6
2020,13220,8206.0,4123.0,4083.0,9725.0,4999.0,4726.0,1434.0,680.0,754.0,2953.0,1556.0,1397.0,-1519.0,-876.0,-643.0,6772.0,3443.0,3329.0,84.4,82.5,86.4
2020,13221,8528.0,4086.0,4442.0,8496.0,4230.0,4266.0,2528.0,1080.0,1448.0,2496.0,1224.0,1272.0,32.0,-144.0,176.0,6000.0,3006.0,2994.0,100.4,96.6,104.1
2020,13222,10039.0,5131.0,4908.0,12629.0,6512.0,6117.0,1290.0,660.0,630.0,3880.0,2041.0,1839.0,-2590.0,-1381.0,-1209.0,8749.0,4471.0,4278.0,79.5,78.8,80.2
2020,13223,8181.0,4082.0,4099.0,8257.0,4232.0,4025.0,1841.0,848.0,993.0,1917.0,998.0,919.0,-76.0,-150.0,74.0,6340.0,3234.0,3106.0,99.1,96.5,101.8
2020,13224,17005.0,8390.0,8615.0,16397.0,8448.0,7949.0,5676.0,2566.0,3110.0,5068.0,2624.0,2444.0,608.0,-58.0,666.0,11329.0,5824.0,5505.0,103.7,99.3,108.4
2020,13225,9718.0,4285.0,5433.0,12455.0,6533.0,5922.0,1627.0,161.0,1466.0,4364.0,2409.0,1955.0,-2737.0,-2248.0,-489.0,8091.0,4124.0,3967.0,78.0,65.6,91.7
2020,13227,5012.0,2638.0,2374.0,6244.0,3169.0,3075.0,650.0,388.0,262.0,1882.0,919.0,963.0,-1232.0,-531.0,-701.0,4362.0,2250.0,2112.0,80.3,83.2,77.2
2020,13228,8025.0,4326.0,3699.0,8957.0,4667.0,4290.0,1646.0,1008.0,638.0,2578.0,1349.0,1229.0,-932.0,-341.0,-591.0,6379.0,3318.0,3061.0,89.6,92.7,86.2
2020,13229,19447.0,9657.0,9790.0,23607.0,12343.0,11264.0,3908.0,1688.0,2220.0,8068.0,4374.0,3694.0,-4160.0,-2686.0,-1474.0,15539.0,7969.0,7570.0,82.4,78.2,86.9
2020,13300,4519.0,2307.0,2212.0,5919.0,3142.0,2777.0,313.0,93.0,220.0,1713.0,928.0,785.0,-1400.0,-835.0,-565.0,4206.0,2214.0,1992.0,76.3,73.4,79.7
2020,13303,2605.0,1264.0,1341.0,3360.0,1717.0,1643.0,277.0,76.0,201.0,1032.0,529.0,503.0,-755.0,-453.0,-302.0,2328.0,1188.0,1140.0,77.5,73.6,81.6
2020,13305,1612.0,878.0,734.0,2100.0,1174.0,926.0,18.0,9.0,9.0,506.0,305.0,201.0,-488.0,-296.0,-192.0,1594.0,869.0,725.0,76.8,74.8,79.3
2020,13307,88.0,47.0,41.0,118.0,62.0,56.0,11.0,4.0,7.0,41.0,19.0,22.0,-30.0,-15.0,-15.0,77.0,43.0,34.0,74.6,75.8,73.2
2020,13308,214.0,118.0,96.0,341.0,189.0,152.0,9.0,4.0,5.0,136.0,75.0,61.0,-127.0,-71.0,-56.0,205.0,114.0,91.0,62.8,62.4,63.2
2020,13350,2322.0,1267.0,1055.0,2344.0,1283.0,1061.0,34.0,21.0,13.0,56.0,37.0,19.0,-22.0,-16.0,-6.0,2288.0,1246.0,1042.0,99.1,98.8,99.4
2020,13361,799.0,463.0,336.0,797.0,462.0,335.0,22.0,12.0,10.0,20.0,11.0,9.0,2.0,1.0,1.0,777.0,451.0,326.0,100.3,100.2,100.3
2020,13362,35.0,20.0,15.0,36.0,22.0,14.0,2.0,1.0,1.0,3.0,3.0,,-1.0,-2.0,1.0,33.0,19.0,14.0,97.2,90.9,107.1
2020,13363,217.0,101.0,116.0,230.0,109.0,121.0,,,,13.0,8.0,5.0,-13.0,-8.0,-5.0,217.0,101.0,116.0,94.3,92.7,95.9
2020,13364,223.0,119.0,104.0,230.0,125.0,105.0,1.0,1.0,,8.0,7.0,1.0,-7.0,-6.0,-1.0,222.0,118.0,104.0,97.0,95.2,99.0
2020,13381,129.0,74.0,55.0,128.0,73.0,55.0,2.0,2.0,,1.0,1.0,,1.0,1.0,,127.0,72.0,55.0,100.8,101.4,100.0
2020,13382,30.0,20.0,10.0,30.0,20.0,10.0,,,,,,,,,,30.0,20.0,10.0,100.0,100.0,100.0
2020,13401,596.0,311.0,285.0,599.0,312.0,287.0,6.0,4.0,2.0,9.0,5.0,4.0,-3.0,-1.0,-2.0,590.0,307.0,283.0,99.5,99.7,99.3
2020,13402,12.0,5.0,7.0,11.0,4.0,7.0,1.0,1.0,,,,,1.0,1.0,,11.0,4.0,7.0,109.1,125.0,100.0
2020,13421,281.0,154.0,127.0,283.0,156.0,127.0,,,,2.0,2.0,,-2.0,-2.0,,281.0,154.0,127.0,99.3,98.7,100.0
