_id,地域階層,地域コード,地域,常住地／全国総数（人）,常住地／東京都総数（人）,常住地／区部（人）,常住地／千代田区（人）,常住地／中央区（人）,常住地／港区（人）,常住地／新宿区（人）,常住地／文京区（人）,常住地／台東区（人）,常住地／墨田区（人）,常住地／江東区（人）,常住地／品川区（人）,常住地／目黒区（人）,常住地／大田区（人）,常住地／世田谷区（人）,常住地／渋谷区（人）,常住地／中野区（人）,常住地／杉並区（人）,常住地／豊島区（人）,常住地／北区（人）,常住地／荒川区（人）,常住地／板橋区（人）,常住地／練馬区（人）,常住地／足立区（人）,常住地／葛飾区（人）,常住地／江戸川区（人）,常住地／市部（人）,常住地／八王子市（人）,常住地／立川市（人）,常住地／武蔵野市（人）,常住地／三鷹市（人）,常住地／青梅市（人）,常住地／府中市（人）,常住地／昭島市（人）,常住地／調布市（人）,常住地／町田市（人）,常住地／小金井市（人）,常住地／小平市（人）,常住地／日野市（人）,常住地／東村山市（人）,常住地／国分寺市（人）,常住地／国立市（人）,常住地／福生市（人）,常住地／狛江市（人）,常住地／東大和市（人）,常住地／清瀬市（人）,常住地／東久留米市（人）,常住地／武蔵村山市（人）,常住地／多摩市（人）,常住地／稲城市（人）,常住地／羽村市（人）,常住地／あきる野市（人）,常住地／西東京市（人）,常住地／郡部（人）,常住地／瑞穂町（人）,常住地／日の出町（人）,常住地／檜原村（人）,常住地／奥多摩町（人）,常住地／島部（人）,常住地／大島町（人）,常住地／利島村（人）,常住地／新島村（人）,常住地／神津島村（人）,常住地／三宅村（人）,常住地／御蔵島村（人）,常住地／八丈町（人）,常住地／青ヶ島村（人）,常住地／小笠原村（人）,常住地が他道府県／総数（人）,常住地が他道府県／関東地方／総数（人）,常住地が他道府県／関東地方／茨城県（人）,常住地が他道府県／関東地方／栃木県（人）,常住地が他道府県／関東地方／群馬県（人）,常住地が他道府県／関東地方／埼玉県（人）,常住地が他道府県／関東地方／千葉県（人）,常住地が他道府県／関東地方／神奈川県（人）,常住地が他道府県／他の道府県（人）
1,0,,従業地・通学地／全国総数,…,1421603,892019,5654,10667,20072,25266,24673,14698,22193,48999,32908,25311,69322,93647,16422,25581,52769,23405,29281,20068,55314,79728,67662,46372,82007,520554,78183,18261,16261,23397,15911,32241,13091,28527,57055,15523,25865,23810,18439,15270,9721,5077,8667,10332,9269,14165,9198,17220,12427,7019,10124,25501,6569,4080,1943,159,387,2461,872,25,238,206,142,19,683,14,262,…,…,…,…,…,…,…,…,…
2,3,13000,従業地・通学地／東京都総数,1431654,1104643,654426,3658,7578,11030,18286,19120,9879,16474,36851,25798,18129,54771,66186,12117,20396,42709,17059,21369,14886,42317,56678,44586,33024,61525,442058,67776,16086,14022,18733,12826,28416,11441,25417,48598,13704,21892,20437,15440,12845,7947,4577,7119,8663,7360,11781,7006,13667,10570,5987,8137,21611,5746,3393,1827,152,374,2413,868,25,231,200,138,19,659,14,259,327011,308312,11035,4072,3935,100863,62343,126064,18699
3,4,13100,従業地・通学地／区部,941924,687501,624385,3496,7339,10503,17315,18467,9608,16104,35928,25078,17314,53342,60863,11247,18739,37553,16337,20754,14552,41156,52310,43777,32386,60217,62801,5049,1661,3899,4598,915,3948,968,5400,5157,2550,3433,1877,2344,2045,1177,385,2375,805,1350,2352,414,1622,1537,395,546,5999,307,198,78,9,22,8,2,-,1,1,3,-,1,-,-,254423,242730,9516,3294,2970,81768,55864,89318,11693
4,5,13101,従業地・通学地／千代田区,67709,35137,28772,2304,425,537,1197,1319,552,847,1927,763,675,1393,2872,559,887,1854,826,779,612,1579,1695,1334,1187,2649,6332,605,206,516,434,109,431,102,553,502,304,326,210,170,242,179,41,174,75,94,168,29,172,134,38,82,436,33,22,8,1,2,-,-,-,-,-,-,-,-,-,-,32572,31256,1518,473,364,9366,9878,9657,1316
5,5,13102,従業地・通学地／中央区,7701,6393,6190,20,4424,29,40,36,57,95,367,69,21,127,64,18,19,60,29,40,36,38,49,121,120,311,202,20,9,17,10,6,13,5,14,24,13,6,8,5,8,2,-,4,3,1,4,-,7,2,2,1,18,1,1,-,-,-,-,-,-,-,-,-,-,-,-,-,1308,1242,54,18,13,337,484,336,66
6,5,13103,従業地・通学地／港区,37691,23860,21902,154,346,6459,438,632,233,297,946,1276,1089,2319,1946,608,342,812,321,325,204,613,702,547,505,788,1952,184,41,171,138,19,125,32,156,247,94,78,58,50,82,56,10,62,14,27,46,5,62,53,4,9,129,6,6,-,-,-,-,-,-,-,-,-,-,-,-,-,13831,13416,211,83,99,2623,2932,7468,415
7,5,13104,従業地・通学地／新宿区,77049,46250,35426,198,291,466,10901,1178,324,437,1147,711,722,1215,2518,624,2468,2311,1214,819,429,1317,2821,904,770,1641,10769,888,353,659,547,158,577,172,789,686,481,860,308,488,412,189,66,225,147,160,327,72,244,211,70,102,1578,55,29,21,1,4,-,-,-,-,-,-,-,-,-,-,30799,29313,1054,371,389,10696,6650,10153,1486
8,5,13105,従業地・通学地／文京区,63095,39107,35053,230,339,443,857,11659,647,556,1215,542,637,907,1529,436,553,1058,1682,1444,847,2983,1993,1606,1141,1749,4032,380,118,251,289,81,189,64,301,298,193,205,140,151,143,88,34,99,59,99,192,23,112,72,36,29,386,22,17,4,1,-,-,-,-,-,-,-,-,-,-,-,23988,22838,1286,297,290,9457,6289,5219,1150
9,5,13106,従業地・通学地／台東区,13195,10661,10377,31,75,39,60,180,5700,417,301,89,26,145,77,26,37,60,90,180,586,152,101,889,521,595,281,28,10,16,16,1,10,4,20,30,12,23,6,13,7,3,2,3,4,6,10,2,14,2,1,1,37,1,1,-,-,-,2,-,-,-,-,1,-,1,-,-,2534,2388,151,50,29,872,872,414,146
10,5,13107,従業地・通学地／墨田区,16736,15042,14946,16,96,29,41,50,220,10356,836,54,12,100,32,15,32,34,26,57,173,56,43,598,830,1240,96,9,2,10,5,1,4,1,5,10,2,5,7,5,2,-,1,1,1,3,2,1,1,2,1,-,15,-,-,-,-,-,-,-,-,-,-,-,-,-,-,-,1694,1636,58,17,5,373,1024,159,58
11,5,13108,従業地・通学地／江東区,33104,29687,29168,14,174,69,60,70,134,548,24065,208,65,257,133,51,57,90,62,82,115,108,136,406,485,1779,513,42,16,32,32,6,25,8,36,43,27,32,15,19,26,11,4,10,12,17,19,3,11,4,9,7,47,6,4,2,-,-,-,-,-,-,-,-,-,-,-,-,3417,3229,142,59,27,914,1362,725,188
12,5,13109,従業地・通学地／品川区,34890,24540,23648,26,92,267,136,134,129,152,343,16448,553,2545,811,114,113,239,118,113,109,214,215,188,188,401,887,75,17,64,48,13,49,10,64,149,33,47,23,25,22,19,6,39,13,14,30,10,23,24,6,10,54,5,4,-,-,1,-,-,-,-,-,-,-,-,-,-,10350,9995,306,117,113,1623,1919,5917,355
13,5,13110,従業地・通学地／目黒区,26901,20136,17861,27,79,185,176,234,56,78,463,707,9359,1717,2190,303,160,708,134,125,74,257,353,147,117,212,2270,167,35,104,407,21,166,26,207,323,73,81,64,38,67,41,7,108,15,23,36,8,52,82,8,14,97,5,2,2,-,1,-,-,-,-,-,-,-,-,-,-,6765,6446,126,41,39,1003,773,4464,319
14,5,13111,従業地・通学地／大田区,48213,41252,40737,7,49,167,56,37,58,120,168,1164,356,36828,568,89,60,73,50,54,74,79,110,170,130,270,513,45,9,15,25,8,40,7,23,137,12,24,18,17,12,10,2,20,4,5,17,1,16,21,2,3,20,1,1,-,-,-,1,-,-,-,1,-,-,-,-,-,6961,6698,172,55,42,690,869,4870,263
15,5,13112,従業地・通学地／世田谷区,98581,66729,56576,112,181,414,476,354,170,262,674,1128,1719,2428,41064,754,628,1836,359,365,215,625,1003,573,434,802,10114,908,192,330,711,100,864,111,1358,1479,236,250,327,155,202,158,48,979,87,69,130,46,455,484,55,71,309,36,24,8,2,2,3,2,-,-,-,1,-,-,-,-,31852,30147,911,347,416,6218,4243,18012,1705
16,5,13113,従業地・通学地／渋谷区,47055,25988,21212,88,220,681,474,355,201,249,596,742,995,1316,2572,6491,497,1297,432,419,255,673,987,551,370,751,4745,445,118,266,408,72,308,80,506,477,179,247,167,145,131,76,19,191,61,55,127,39,142,130,23,44,289,29,18,6,2,3,2,-,-,1,-,1,-,-,-,-,21067,20001,679,383,280,5443,3758,9458,1066
17,5,13114,従業地・通学地／中野区,26995,21649,17728,31,70,78,495,137,90,121,285,126,113,249,547,238,10317,1551,226,184,80,361,1653,193,162,421,3893,264,151,213,230,70,204,84,190,112,193,359,117,286,160,66,35,67,84,105,184,60,56,46,43,48,466,28,19,5,-,4,-,-,-,-,-,-,-,-,-,-,5346,4981,204,41,62,1767,1333,1574,365
18,5,13115,従業地・通学地／杉並区,47022,40115,33057,49,76,134,417,215,103,141,357,250,272,433,2063,392,1093,23532,265,201,107,394,1700,219,170,474,7031,426,199,734,856,96,563,115,755,235,414,321,193,191,256,132,49,267,91,78,145,49,104,163,43,42,514,27,15,8,1,3,-,-,-,-,-,-,-,-,-,-,6907,6390,193,93,89,2297,1275,2443,517
19,5,13116,従業地・通学地／豊島区,50881,29085,25301,77,187,265,738,852,254,249,584,393,402,716,989,280,556,789,8934,1054,494,2596,2593,995,588,716,3759,253,92,166,193,75,171,75,217,223,127,227,92,188,116,68,29,64,59,239,333,28,86,49,24,40,525,25,17,7,1,-,-,-,-,-,-,-,-,-,-,-,21796,21084,902,315,262,10705,4212,4688,712
20,5,13117,従業地・通学地／北区,25574,19696,19295,30,45,76,181,329,231,170,263,62,67,139,150,71,95,99,510,12725,509,1219,403,1144,395,382,399,28,6,20,21,6,21,3,28,13,7,37,16,26,11,5,1,8,11,20,27,2,7,3,3,4,65,2,2,-,-,-,-,-,-,-,-,-,-,-,-,-,5878,5696,176,65,42,4354,740,319,182
21,5,13118,従業地・通学地／荒川区,13273,11231,10958,18,19,23,41,101,116,100,78,31,34,70,103,27,34,72,74,166,8745,95,93,548,227,143,273,26,1,17,14,6,11,7,20,27,12,14,7,7,9,9,1,13,2,5,17,5,6,10,2,1,24,-,-,-,-,-,-,-,-,-,-,-,-,-,-,-,2042,1981,114,27,20,717,695,408,61
22,5,13119,従業地・通学地／板橋区,45332,35033,33810,25,52,67,237,378,93,112,204,148,90,161,214,75,228,265,593,1162,223,26851,1701,417,178,336,1217,91,23,55,58,22,64,16,51,45,42,62,37,92,36,23,8,13,18,81,117,8,23,21,10,14,187,6,2,3,-,1,-,-,-,-,-,-,-,-,-,-,10299,9760,392,203,184,6965,1094,922,539
23,5,13120,従業地・通学地／練馬区,43893,40033,37366,19,26,37,204,114,24,27,99,54,50,80,223,49,485,671,280,143,45,739,33758,91,52,96,2658,63,34,192,107,12,59,25,61,32,67,183,26,237,67,27,11,12,34,232,390,17,12,11,4,11,732,9,8,1,-,-,-,-,-,-,-,-,-,-,-,-,3860,3613,106,31,53,2288,558,577,247
24,5,13121,従業地・通学地／足立区,38730,34125,33719,8,22,12,31,41,89,191,146,35,29,72,87,9,33,66,49,218,428,110,91,30864,816,272,400,46,11,22,24,17,25,16,18,22,13,18,17,17,19,7,8,7,4,9,18,3,7,3,5,9,35,6,4,2,-,-,-,-,-,-,-,-,-,-,-,-,4605,4454,435,132,73,1806,1365,643,151
25,5,13122,従業地・通学地／葛飾区,27792,25085,24838,6,12,13,25,30,56,247,123,37,17,59,68,11,25,44,40,59,115,58,61,904,22128,700,244,31,14,16,12,6,11,1,8,27,11,15,11,9,10,4,-,5,3,4,9,1,7,6,3,1,19,3,2,-,-,1,-,-,-,-,-,-,-,-,-,-,2707,2573,152,31,22,711,1126,531,134
26,5,13123,従業地・通学地／江戸川区,50512,46667,46445,6,39,13,34,32,71,332,741,41,11,66,43,7,20,32,23,40,77,39,49,368,872,43489,221,25,4,13,13,10,18,4,20,16,5,13,10,10,5,4,3,4,4,4,4,2,3,4,3,3,17,1,-,1,-,-,-,-,-,-,-,-,-,-,-,-,3845,3593,174,45,57,543,2413,361,252
27,4,13200,従業地・通学地／市部,483190,410654,29995,162,238,526,969,653,270,370,922,719,814,1426,5320,869,1654,5153,719,613,334,1157,4361,806,637,1303,378940,62678,14416,10121,14133,11866,24463,10444,20014,43438,11151,18452,18556,13088,10795,6769,4177,4744,7838,6007,9427,6547,12044,9032,5580,7558,15602,1714,944,587,51,132,5,4,-,1,-,-,-,-,-,-,72536,65539,1516,778,965,19067,6472,36741,6997
28,5,13201,従業地・通学地／八王子市,99522,77459,5739,31,60,80,179,132,71,108,249,169,169,389,815,122,289,698,164,169,121,318,624,228,184,370,71394,53211,1076,324,419,744,1337,740,973,2178,471,660,3041,430,683,420,335,148,357,128,194,257,1431,490,406,550,391,325,206,83,12,24,1,1,-,-,-,-,-,-,-,-,22063,19517,458,239,351,5723,1653,11093,2546
29,5,13202,従業地・通学地／立川市,18125,17186,323,-,2,2,10,5,1,3,8,8,9,16,39,9,19,92,4,6,-,13,48,10,6,13,16742,944,10248,124,143,330,481,361,125,147,224,452,520,296,365,251,129,15,301,67,81,261,229,172,159,195,122,119,59,47,2,11,2,1,-,1,-,-,-,-,-,-,939,688,16,12,11,255,81,313,251
30,5,13203,従業地・通学地／武蔵野市,23386,18298,4863,36,39,65,153,110,38,47,153,74,121,151,582,119,316,1221,109,81,38,144,895,99,98,174,13224,406,191,7589,657,103,409,134,334,126,495,407,186,190,310,164,48,53,108,66,178,58,63,65,64,71,749,211,30,176,1,4,-,-,-,-,-,-,-,-,-,-,5088,4708,155,71,61,2133,1079,1209,380
31,5,13204,従業地・通学地／三鷹市,16807,15282,1764,12,11,31,58,48,11,20,46,37,47,69,387,44,88,407,29,18,20,51,213,27,21,69,13507,164,68,266,10751,38,331,45,498,68,209,155,73,60,100,64,14,89,21,15,66,14,68,88,19,28,195,11,7,3,-,1,-,-,-,-,-,-,-,-,-,-,1525,1320,42,27,29,438,271,513,205
32,5,13205,従業地・通学地／青梅市,9641,9536,14,-,-,-,-,-,1,-,-,-,1,1,1,1,1,-,-,-,-,-,5,1,1,1,9398,104,69,5,4,8541,17,118,2,7,7,21,24,9,9,11,81,1,32,1,7,52,4,3,127,135,7,124,75,30,5,14,-,-,-,-,-,-,-,-,-,-,105,93,4,2,1,50,4,32,12
33,5,13206,従業地・通学地／府中市,24912,23584,773,2,6,5,26,25,6,8,32,18,18,40,171,15,35,132,23,20,8,28,78,13,19,45,22785,490,214,154,282,46,18487,126,563,80,275,229,310,129,346,236,24,66,55,33,41,33,261,186,21,33,65,24,9,9,-,6,2,2,-,-,-,-,-,-,-,-,1328,1147,25,21,26,422,153,500,181
34,5,13207,従業地・通学地／昭島市,9176,9049,29,1,-,-,-,1,1,-,-,-,-,2,2,2,5,5,-,1,-,3,4,-,2,-,8933,249,187,2,7,248,54,7343,15,14,27,57,98,30,60,43,106,2,70,5,3,63,13,10,74,134,19,87,50,29,2,6,-,-,-,-,-,-,-,-,-,-,127,106,6,1,1,60,9,29,21
35,5,13208,従業地・通学地／調布市,25598,22672,2833,7,21,151,72,51,12,24,56,59,100,90,902,225,83,483,48,41,17,59,170,62,31,69,19835,503,53,260,591,16,591,36,15910,212,176,142,175,46,106,80,19,194,19,13,28,8,264,248,8,8,129,4,4,-,-,-,-,-,-,-,-,-,-,-,-,-,2926,2553,81,41,47,639,373,1372,373
36,5,13209,従業地・通学地／町田市,62229,46066,2601,8,14,48,62,45,24,32,73,93,111,221,829,103,87,226,52,50,28,87,150,88,45,125,43434,1793,115,50,94,87,257,81,272,38832,62,74,262,59,76,57,29,198,64,16,27,25,458,306,43,49,48,31,22,4,2,3,-,-,-,-,-,-,-,-,-,-,16163,15500,155,60,71,1019,534,13661,663
37,5,13210,従業地・通学地／小金井市,19129,15532,2262,13,21,27,82,51,18,24,63,60,41,94,259,40,182,528,51,53,22,76,364,58,48,87,13231,352,196,359,332,127,480,121,184,134,7989,760,192,233,426,144,60,22,96,77,255,58,87,90,56,67,334,39,19,12,2,6,-,-,-,-,-,-,-,-,-,-,3597,3263,78,51,46,1459,414,1215,334
38,5,13211,従業地・通学地／小平市,22758,19978,1701,9,16,25,93,36,21,23,50,49,46,67,133,35,138,246,56,56,21,73,364,39,38,67,18227,401,384,175,144,142,327,198,90,74,321,12998,197,502,639,138,65,14,338,133,218,125,26,42,96,101,339,50,37,8,2,3,-,-,-,-,-,-,-,-,-,-,2780,2428,72,41,51,1368,323,573,352
39,5,13212,従業地・通学地／日野市,19677,17474,639,5,1,5,27,9,6,10,27,22,11,36,90,15,43,86,18,17,7,42,79,28,17,38,16775,1462,270,54,71,158,376,152,147,191,77,114,12547,76,113,98,49,24,90,23,39,71,228,101,73,104,67,60,30,19,4,7,-,-,-,-,-,-,-,-,-,-,2203,1867,68,24,43,654,114,964,336
40,5,13213,従業地・通学地／東村山市,12103,11651,309,-,1,1,10,4,-,1,5,3,2,3,20,1,38,60,6,8,-,10,129,1,2,4,11327,73,107,44,40,28,72,39,16,7,85,299,39,9648,80,30,21,1,168,95,122,67,10,4,27,28,177,15,7,8,-,-,-,-,-,-,-,-,-,-,-,-,452,422,-,2,4,372,12,32,30
41,5,13214,従業地・通学地／国分寺市,13663,11184,1403,17,12,41,50,37,19,18,44,34,46,45,152,54,91,274,48,29,17,54,194,38,24,65,9747,322,146,138,126,93,214,80,79,73,214,487,147,162,6747,95,41,17,67,43,70,50,49,54,45,46,142,34,21,9,-,4,-,-,-,-,-,-,-,-,-,-,2479,2208,58,46,67,1217,283,537,271
42,5,13215,従業地・通学地／国立市,13352,10877,1447,11,8,14,58,39,11,13,38,31,34,61,272,36,88,368,37,17,9,57,153,26,23,43,9403,516,337,236,165,86,365,120,195,204,220,628,237,108,467,4771,38,38,73,39,60,43,118,116,44,56,123,27,17,9,-,1,-,-,-,-,-,-,-,-,-,-,2475,2248,45,27,15,755,295,1111,227
43,5,13218,従業地・通学地／福生市,3732,3713,7,-,1,-,-,-,-,-,-,-,-,-,2,-,1,1,-,-,-,1,1,-,-,-,3615,66,38,1,1,212,5,135,1,1,3,5,16,3,3,2,2825,-,26,1,1,49,2,-,88,130,1,91,58,23,2,8,-,-,-,-,-,-,-,-,-,-,19,17,5,1,-,7,1,3,2
44,5,13219,従業地・通学地／狛江市,4787,4650,193,-,-,1,-,1,-,-,-,2,3,4,158,3,2,8,2,2,-,3,2,-,-,2,4455,59,3,2,27,-,45,1,80,328,3,1,6,1,4,2,-,3767,-,-,1,2,47,73,1,1,1,2,1,1,-,-,-,-,-,-,-,-,-,-,-,-,137,93,11,3,5,15,11,48,44
45,5,13220,従業地・通学地／東大和市,7120,7054,19,-,-,-,-,-,-,-,-,-,-,-,3,-,2,2,-,-,-,-,12,-,-,-,6964,88,189,3,4,157,25,111,1,5,15,127,89,127,46,19,56,-,5537,6,27,107,8,5,58,103,51,71,42,22,3,4,-,-,-,-,-,-,-,-,-,-,66,55,1,1,3,41,3,6,11
46,5,13221,従業地・通学地／清瀬市,7933,6619,545,1,4,2,16,15,3,7,15,6,5,8,24,2,25,41,19,12,4,37,247,16,15,21,6068,24,15,12,14,7,35,10,6,10,29,117,15,328,31,10,5,5,24,4919,267,2,5,9,7,4,158,6,3,-,-,3,-,-,-,-,-,-,-,-,-,-,1314,1235,47,28,19,872,152,117,79
47,5,13222,従業地・通学地／東久留米市,8866,8683,330,-,4,1,12,14,2,1,2,1,7,2,10,8,11,27,16,6,2,24,167,8,1,4,8348,13,15,19,12,5,16,5,5,3,44,144,8,205,14,1,3,-,22,181,7413,5,3,3,2,3,204,5,3,2,-,-,-,-,-,-,-,-,-,-,-,-,183,160,2,1,-,133,7,17,23
48,5,13223,従業地・通学地／武蔵村山市,7024,6835,69,-,-,-,-,-,-,1,1,-,1,-,5,-,5,11,2,-,-,2,37,1,1,2,6651,134,191,11,14,189,48,150,9,14,34,94,48,89,60,37,53,1,115,14,27,5016,35,30,95,95,48,115,93,14,4,4,-,-,-,-,-,-,-,-,-,-,189,173,6,-,4,122,13,28,16
49,5,13224,従業地・通学地／多摩市,16331,12560,1122,7,13,20,26,18,14,19,35,39,26,85,382,23,30,110,17,17,11,39,58,38,39,56,11422,710,87,30,75,25,262,31,349,531,24,41,168,21,35,33,13,70,31,8,14,17,8526,248,23,22,28,16,12,3,-,1,-,-,-,-,-,-,-,-,-,-,3771,3425,91,42,51,545,306,2390,346
50,5,13225,従業地・通学地／稲城市,8550,7711,150,-,2,2,4,2,2,1,10,7,5,12,37,4,7,17,-,2,3,7,11,2,3,10,7558,191,28,8,39,7,119,10,109,142,7,11,44,6,3,28,4,11,2,2,5,8,89,6672,6,5,2,3,-,3,-,-,-,-,-,-,-,-,-,-,-,-,839,775,15,6,18,105,40,591,64
51,5,13227,従業地・通学地／羽村市,4664,4642,5,-,-,-,-,-,-,-,-,-,1,-,1,-,1,-,-,-,-,-,1,-,-,1,4564,32,46,2,-,221,8,61,-,2,4,4,19,9,7,2,69,1,74,-,2,71,-,-,3889,40,1,73,66,5,-,2,-,-,-,-,-,-,-,-,-,-,22,20,2,-,-,7,4,7,2
52,5,13228,従業地・通学地／あきる野市,7406,7237,38,-,-,-,1,1,-,-,1,-,-,1,3,1,3,6,2,1,-,3,10,1,1,3,7039,311,93,5,7,232,31,198,12,41,18,44,65,31,21,17,82,1,52,2,9,51,14,11,137,5541,13,160,67,64,10,19,-,-,-,-,-,-,-,-,-,-,169,146,2,-,-,74,7,63,23
53,5,13229,従業地・通学地／西東京市,16699,15122,817,2,2,5,30,9,9,10,14,7,10,29,41,7,64,104,16,7,6,26,345,22,18,34,14294,60,50,248,114,24,71,38,39,14,118,381,30,290,44,16,8,6,96,120,272,34,6,6,12,9,12188,11,6,4,-,1,-,-,-,-,-,-,-,-,-,-,1577,1372,71,31,41,582,330,317,205
54,4,13300,従業地・通学地／郡部,4063,4039,14,-,-,-,1,-,-,-,-,-,-,-,2,-,1,-,1,1,-,1,4,-,-,3,300,45,8,2,-,44,5,29,3,2,3,6,4,6,5,-,15,-,19,2,1,45,-,1,12,33,10,3725,2251,1162,92,220,-,-,-,-,-,-,-,-,-,-,24,19,1,-,-,17,-,1,5
55,5,13303,従業地・通学地／瑞穂町,2585,2567,11,-,-,-,1,-,-,-,-,-,-,-,1,-,1,-,1,1,-,1,4,-,-,1,294,45,8,2,-,43,5,29,3,2,3,6,4,6,5,-,14,-,19,2,1,43,-,1,11,32,10,2262,2251,6,2,3,-,-,-,-,-,-,-,-,-,-,18,17,-,-,-,17,-,-,1
56,5,13305,従業地・通学地／日の出町,1166,1160,-,-,-,-,-,-,-,-,-,-,-,-,-,-,-,-,-,-,-,-,-,-,-,-,4,-,-,-,-,-,-,-,-,-,-,-,-,-,-,-,1,-,-,-,-,2,-,-,-,1,-,1156,-,1156,-,-,-,-,-,-,-,-,-,-,-,-,6,2,1,-,-,-,-,1,4
57,5,13307,従業地・通学地／檜原村,90,90,-,-,-,-,-,-,-,-,-,-,-,-,-,-,-,-,-,-,-,-,-,-,-,-,-,-,-,-,-,-,-,-,-,-,-,-,-,-,-,-,-,-,-,-,-,-,-,-,-,-,-,90,-,-,90,-,-,-,-,-,-,-,-,-,-,-,-,-,-,-,-,-,-,-,-
58,5,13308,従業地・通学地／奥多摩町,222,222,3,-,-,-,-,-,-,-,-,-,-,-,1,-,-,-,-,-,-,-,-,-,-,2,2,-,-,-,-,1,-,-,-,-,-,-,-,-,-,-,-,-,-,-,-,-,-,-,1,-,-,217,-,-,-,217,-,-,-,-,-,-,-,-,-,-,-,-,-,-,-,-,-,-,-
59,4,13350,従業地・通学地／島部,2477,2449,32,-,1,1,1,-,1,-,1,1,1,3,1,1,2,3,2,1,-,3,3,3,1,2,17,4,1,-,2,1,-,-,-,1,-,1,-,2,-,1,-,-,1,1,1,-,1,-,-,-,-,-,-,-,-,-,2400,862,25,229,199,135,19,658,14,259,28,24,2,-,-,11,7,4,4
60,5,13361,従業地・通学地／大島町,891,888,16,-,-,1,1,-,-,-,1,1,1,-,-,-,1,1,1,1,-,1,2,2,1,1,10,3,-,-,-,-,-,-,-,1,-,-,-,2,-,-,-,-,1,1,1,-,1,-,-,-,-,-,-,-,-,-,862,862,-,-,-,-,-,-,-,-,3,3,-,-,-,-,2,1,-
61,5,13362,従業地・通学地／利島村,35,29,1,-,-,-,-,-,-,-,-,-,-,-,-,-,-,-,-,-,-,-,1,-,-,-,3,-,-,-,1,1,-,-,-,-,-,1,-,-,-,-,-,-,-,-,-,-,-,-,-,-,-,-,-,-,-,-,25,-,25,-,-,-,-,-,-,-,6,4,2,-,-,2,-,-,2
62,5,13363,従業地・通学地／新島村,236,234,4,-,-,-,-,-,-,-,-,-,-,1,-,-,1,1,-,-,-,1,-,-,-,-,1,1,-,-,-,-,-,-,-,-,-,-,-,-,-,-,-,-,-,-,-,-,-,-,-,-,-,-,-,-,-,-,229,-,-,229,-,-,-,-,-,-,2,2,-,-,-,1,1,-,-
63,5,13364,従業地・通学地／神津島村,203,200,1,-,-,-,-,-,-,-,-,-,-,-,-,-,-,-,-,-,-,-,-,-,-,1,-,-,-,-,-,-,-,-,-,-,-,-,-,-,-,-,-,-,-,-,-,-,-,-,-,-,-,-,-,-,-,-,199,-,-,-,199,-,-,-,-,-,3,3,-,-,-,2,-,1,-
64,5,13381,従業地・通学地／三宅村,139,137,1,-,-,-,-,-,-,-,-,-,-,-,-,-,-,-,1,-,-,-,-,-,-,-,1,-,-,-,1,-,-,-,-,-,-,-,-,-,-,-,-,-,-,-,-,-,-,-,-,-,-,-,-,-,-,-,135,-,-,-,-,135,-,-,-,-,2,1,-,-,-,1,-,-,1
65,5,13382,従業地・通学地／御蔵島村,23,20,1,-,-,-,-,-,-,-,-,-,-,-,1,-,-,-,-,-,-,-,-,-,-,-,-,-,-,-,-,-,-,-,-,-,-,-,-,-,-,-,-,-,-,-,-,-,-,-,-,-,-,-,-,-,-,-,19,-,-,-,-,-,19,-,-,-,3,2,-,-,-,-,2,-,1
66,5,13401,従業地・通学地／八丈町,670,664,6,-,1,-,-,-,1,-,-,-,-,-,-,1,-,1,-,-,-,1,-,1,-,-,-,-,-,-,-,-,-,-,-,-,-,-,-,-,-,-,-,-,-,-,-,-,-,-,-,-,-,-,-,-,-,-,658,-,-,-,-,-,-,658,-,-,6,6,-,-,-,5,-,1,-
67,5,13402,従業地・通学地／青ヶ島村,19,18,2,-,-,-,-,-,-,-,-,-,-,2,-,-,-,-,-,-,-,-,-,-,-,-,2,-,1,-,-,-,-,-,-,-,-,-,-,-,-,1,-,-,-,-,-,-,-,-,-,-,-,-,-,-,-,-,14,-,-,-,-,-,-,-,14,-,1,1,-,-,-,-,1,-,-
68,5,13421,従業地・通学地／小笠原村,261,259,-,-,-,-,-,-,-,-,-,-,-,-,-,-,-,-,-,-,-,-,-,-,-,-,-,-,-,-,-,-,-,-,-,-,-,-,-,-,-,-,-,-,-,-,-,-,-,-,-,-,-,-,-,-,-,-,259,-,-,-,-,-,-,-,-,259,2,2,-,-,-,-,1,1,-
69,1,,従業地・通学地／他道府県,…,69279,46157,262,492,835,1004,1172,695,1153,2282,1830,1705,4823,5219,856,962,2038,1166,1339,1012,2505,3262,3478,3197,4870,22858,2875,639,543,577,610,944,454,868,5306,510,1011,751,985,634,364,229,537,325,500,730,204,727,647,288,309,1291,253,190,48,6,9,11,2,-,-,1,1,-,4,-,3,…,…,…,…,…,…,…,…,…
70,2,,従業地・通学地／関東地方,…,65923,44634,249,455,813,963,1121,670,1119,2196,1766,1639,4655,5030,802,924,1911,1113,1299,991,2425,3160,3410,3133,4790,21049,2258,573,502,533,580,829,409,814,5155,474,941,614,956,587,335,210,522,314,485,702,184,670,618,266,279,1239,232,174,45,5,8,8,1,-,-,1,-,-,3,-,3,…,…,…,…,…,…,…,…,…
71,3,8000,従業地・通学地／茨城県,…,912,757,5,5,11,11,30,22,30,26,18,7,28,49,9,16,23,18,15,51,23,31,163,113,53,154,22,7,6,4,7,8,4,9,19,4,8,6,10,4,4,1,3,5,1,3,1,5,3,1,-,9,1,1,-,-,-,-,-,-,-,-,-,-,-,-,-,…,…,…,…,…,…,…,…,…
72,3,9000,従業地・通学地／栃木県,…,160,111,-,1,2,-,7,6,2,6,8,5,9,5,1,3,3,5,6,5,7,9,9,6,6,49,7,1,2,2,1,3,1,3,4,4,1,4,1,1,-,1,-,-,1,5,-,2,-,1,-,4,-,-,-,-,-,-,-,-,-,-,-,-,-,-,-,…,…,…,…,…,…,…,…,…
73,3,10000,従業地・通学地／群馬県,…,197,147,2,1,1,4,4,4,5,5,5,8,3,6,1,1,5,9,9,6,11,7,32,11,7,49,9,3,2,1,2,1,2,2,3,-,2,4,1,2,1,-,1,2,-,2,-,1,3,4,1,-,1,1,-,-,-,-,-,-,-,-,-,-,-,-,-,…,…,…,…,…,…,…,…,…
74,3,11000,従業地・通学地／埼玉県,…,18597,11463,50,99,109,297,366,223,272,375,218,185,379,527,141,312,542,512,680,358,1499,1829,1372,558,560,6970,468,255,134,142,403,248,207,131,139,195,583,169,742,286,119,122,45,198,389,511,126,73,63,159,180,883,162,126,25,4,7,2,-,-,-,-,-,-,1,-,1,…,…,…,…,…,…,…,…,…
75,3,12000,従業地・通学地／千葉県,…,13816,12667,60,154,121,160,264,235,549,1154,245,127,445,325,116,145,273,184,229,371,328,356,1354,2068,3404,1136,111,39,69,84,23,64,30,55,71,51,66,55,51,31,23,11,25,20,24,53,9,27,18,16,7,103,9,7,2,-,-,4,1,-,-,1,-,-,2,-,-,…,…,…,…,…,…,…,…,…
76,3,14000,従業地・通学地／神奈川県,…,32241,19489,132,195,569,491,450,180,261,630,1272,1307,3791,4118,534,447,1065,385,360,200,557,928,480,377,760,12691,1641,268,289,300,144,505,165,614,4919,220,281,376,151,263,188,75,448,89,70,128,48,562,531,85,91,240,59,39,18,1,1,2,-,-,-,-,-,-,-,-,2,…,…,…,…,…,…,…,…,…
77,2,,従業地・通学地／関東地方以外の道府県,…,3356,1523,13,37,22,41,51,25,34,86,64,66,168,189,54,38,127,53,40,21,80,102,68,64,80,1809,617,66,41,44,30,115,45,54,151,36,70,137,29,47,29,19,15,11,15,28,20,57,29,22,30,52,21,16,3,1,1,3,1,-,-,-,1,-,1,-,-,…,…,…,…,…,…,…,…,…
78,"",,"","",,"","","","","","","","","","","","","","","","","","","","","","","","","","","","","","","","","","","","","","","","","","","","","","","","","","","","","","","","","","","","","","","","","","","","","","","","","","",""
79,平成27年国勢調査による東京都の昼間人口,,"","",,"","","","","","","","","","","","","","","","","","","","","","","","","","","","","","","","","","","","","","","","","","","","","","","","","","","","","","","","","","","","","","","","","","","","","","","","","","",""
80,第７表の３ 地域相互間の昼夜間移動状況 -通学者-,,"","",,"","","","","","","","","","","","","","","","","","","","","","","","","","","","","","","","","","","","","","","","","","","","","","","","","","","","","","","","","","","","","","","","","","","","","","","","","","",""
81,注　1) 全国総数（従業地・通学地）に1) ［従業・通学市区町村「不詳・外国」］及び［従業地・通学地「不詳」］を含む。,,"","",,"","","","","","","","","","","","","","","","","","","","","","","","","","","","","","","","","","","","","","","","","","","","","","","","","","","","","","","","","","","","","","","","","","","","","","","","","","",""
82,地域階層（0：全国　1:東京都以外の道府県　2:関東地方　3:都道府県　4:区部・市部・郡部・島部　5:区市町村）,,"","",,"","","","","","","","","","","","","","","","","","","","","","","","","","","","","","","","","","","","","","","","","","","","","","","","","","","","","","","","","","","","","","","","","","","","","","","","","","",""
