地域階層,地域コード,地域,昼間通学者／総数／平成27年(人）,昼間通学者／総数／平成22年(人）,昼間通学者／総数／増減数／平成22年～27年（人）,昼間通学者／総数／増減率／平成22年～27年（％）,昼間通学者／男／平成27年(人）,昼間通学者／男／平成22年(人）,昼間通学者／男／増減数／平成22年～27年（人）,昼間通学者／男／増減率／平成22年～27年（％）,昼間通学者／女／平成27年(人）,昼間通学者／女／平成22年(人）,昼間通学者／女／増減数／平成22年～27年（人）,昼間通学者／女／増減率／平成22年～27年（％）,常住通学者／総数／平成27年(人）,常住通学者／総数／平成22年(人）,常住通学者／総数／増減数／平成22年～27年（人）,常住通学者／総数／増減率／平成22年～27年（％）,常住通学者／男／平成27年(人）,常住通学者／男／平成22年(人）,常住通学者／男／増減数／平成22年～27年（人）,常住通学者／男／増減率／平成22年～27年（％）,常住通学者／女／平成27年(人）,常住通学者／女／平成22年(人）,常住通学者／女／増減数／平成22年～27年（人）,常住通学者／女／増減率／平成22年～27年（％）,流入通学者／総数／平成27年(人）,流入通学者／総数／平成22年(人）,流入通学者／総数／増減数／平成22年～27年（人）,流入通学者／総数／増減率／平成22年～27年（％）,流入通学者／男／平成27年(人）,流入通学者／男／平成22年(人）,流入通学者／男／増減数／平成22年～27年（人）,流入通学者／男／増減率／平成22年～27年（％）,流入通学者／女／平成27年(人）,流入通学者／女／平成22年(人）,流入通学者／女／増減数／平成22年～27年（人）,流入通学者／女／増減率／平成22年～27年（％）,流出通学者／総数／平成27年(人）,流出通学者／総数／平成22年(人）,流出通学者／総数／増減数／平成22年～27年（人）,流出通学者／総数／増減率／平成22年～27年（％）,流出通学者／男／平成27年(人）,流出通学者／男／平成22年(人）,流出通学者／男／増減数／平成22年～27年（人）,流出通学者／男／増減率／平成22年～27年（％）,流出通学者／女／平成27年(人）,流出通学者／女／平成22年(人）,流出通学者／女／増減数／平成22年～27年（人）,流出通学者／女／増減率／平成22年～27年（％）,流入超過通学者／総数／平成27年(人）,流入超過通学者／総数／平成22年(人）,流入超過通学者／総数／増減数／平成22年～27年（人）,流入超過通学者／男／平成27年(人）,流入超過通学者／男／平成22年(人）,流入超過通学者／男／増減数／平成22年～27年（人）,流入超過通学者／女／平成27年(人）,流入超過通学者／女／平成22年(人）,流入超過通学者／女／増減数／平成22年～27年（人）,残留通学者／総数／平成27年(人）,残留通学者／総数／平成22年(人）,残留通学者／総数／増減数／平成22年～27年（人）,残留通学者／総数／増減率／平成22年～27年（％）,残留通学者／男／平成27年(人）,残留通学者／男／平成22年(人）,残留通学者／男／増減数／平成22年～27年（人）,残留通学者／男／増減率／平成22年～27年（％）,残留通学者／女／平成27年(人）,残留通学者／女／平成22年(人）,残留通学者／女／増減数／平成22年～27年（人）,残留通学者／女／増減率／平成22年～27年（％）,昼夜間通学者比率／総数／平成27年,昼夜間通学者比率／総数／平成22年,昼夜間通学者比率／総数／増減数／平成22年～27年,昼夜間通学者比率／総数／増減率／平成22年～27年（％）,昼夜間通学者比率／男／平成27年,昼夜間通学者比率／男／平成22年,昼夜間通学者比率／男／増減数／平成22年～27年,昼夜間通学者比率／男／増減率／平成22年～27年（％）,昼夜間通学者比率／女／平成27年,昼夜間通学者比率／女／平成22年,昼夜間通学者比率／女／増減数／平成22年～27年,昼夜間通学者比率／女／増減率／平成22年～27年（％）,面　積（平方キロメートル）,人口密度／昼間通学者（人/平方キロメートル）,人口密度／常住通学者（人/平方キロメートル）
0,13000,東京都総数,1679335,1775247,-95912,-5.40274114,864244,919120,-54876,-5.970493516,815091,856127,-41036,-4.793214091,1421603,1520111,-98508,-6.48031624,737130,792209,-55079,-6.952584482,684473,727902,-43429,-5.966325137,327011,325984,1027,0.315046137,166858,167509,-651,-0.388635835,160153,158475,1678,1.058842089,69279,70848,-1569,-2.214600271,39744,40598,-854,-2.103551899,29535,30250,-715,-2.363636364,257732,255136,2596,127114,126911,203,130618,128225,2393,1352324,1449263,-96939,-6.7,697386,751611,-54225,-7.2,654938,697652,-42714,-6.1,118.1,116.8,1.3,1.1,117.2,116,1.2,1,119.1,117.6,1.5,1.3,2190.93,766.5,648.9
1,13100,区部,1133360,1187041,-53681,-4.522253233,580791,612539,-31748,-5.183016918,552569,574502,-21933,-3.817741279,892019,950600,-58581,-6.162528929,460368,492435,-32067,-6.511925432,431651,458165,-26514,-5.786998134,317539,316192,1347,0.426006983,161768,163482,-1714,-1.048433467,155771,152710,3061,2.004452885,76198,79751,-3553,-4.45511655,41345,43378,-2033,-4.686707548,34853,36373,-1520,-4.178923927,241341,236441,4900,120423,120104,319,120918,116337,4581,815821,870849,-55028,-6.3,419023,449057,-30034,-6.7,396798,421792,-24994,-5.9,127.1,124.9,2.2,1.8,126.2,124.4,1.8,1.4,128,125.4,2.6,2.1,626.7,1808.5,1423.4
2,13101,千代田区,69443,76589,-7146,-9.330321587,33328,39148,-5820,-14.86665985,36115,37441,-1326,-3.541572073,5654,5400,254,4.703703704,2800,2612,188,7.19754977,2854,2788,66,2.367288379,65405,72773,-7368,-10.12463414,31337,37283,-5946,-15.94828742,34068,35490,-1422,-4.006762468,1616,1584,32,2.02020202,809,747,62,8.299866131,807,837,-30,-3.584229391,63789,71189,-7400,30528,36536,-6008,33261,34653,-1392,4038,3816,222,5.8,1991,1865,126,6.8,2047,1951,96,4.9,1228.2,1418.3,-190.1,-13.4,1190.3,1498.8,-308.5,-20.6,1265.4,1342.9,-77.5,-5.8,11.66,5955.7,484.9
2,13102,中央区,10298,9553,745,7.798597299,4963,4584,379,8.267888307,5335,4969,366,7.365667136,10667,9705,962,9.91241628,5382,4916,466,9.479251424,5285,4789,496,10.35706828,3277,3422,-145,-4.237288136,1347,1402,-55,-3.92296719,1930,2020,-90,-4.455445545,3646,3574,72,2.014549524,1766,1734,32,1.84544406,1880,1840,40,2.173913044,-369,-152,-217,-419,-332,-87,50,180,-130,7021,6131,890,14.5,3616,3182,434,13.6,3405,2949,456,15.5,96.5,98.4,-1.9,-1.9,92.2,93.2,-1,-1.1,100.9,103.8,-2.9,-2.8,10.21,1008.6,1044.8
2,13103,港区,45898,44923,975,2.170380429,22780,22249,531,2.386624118,23118,22674,444,1.958189997,20072,18263,1809,9.905272956,10214,9173,1041,11.34852284,9858,9090,768,8.448844885,31232,32459,-1227,-3.780153424,15299,15996,-697,-4.357339335,15933,16463,-530,-3.219340339,5406,5799,-393,-6.777030523,2733,2920,-187,-6.404109589,2673,2879,-206,-7.155262244,25826,26660,-834,12566,13076,-510,13260,13584,-324,14666,12464,2202,17.7,7481,6253,1228,19.6,7185,6211,974,15.7,228.7,246,-17.3,-7,223,242.5,-19.5,-8,234.5,249.4,-14.9,-6,20.37,2253.2,985.4
2,13104,新宿区,83025,87892,-4867,-5.537477814,47796,51359,-3563,-6.937440371,35229,36533,-1304,-3.569375633,25266,31090,-5824,-18.73271148,12976,15837,-2861,-18.06529014,12290,15253,-2963,-19.42568675,66148,66516,-368,-0.553250346,38819,40239,-1420,-3.528914735,27329,26277,1052,4.003501161,8389,9714,-1325,-13.64010706,3999,4717,-718,-15.22153911,4390,4997,-607,-12.14728837,57759,56802,957,34820,35522,-702,22939,21280,1659,16877,21376,-4499,-21,8977,11120,-2143,-19.3,7900,10256,-2356,-23,328.6,282.7,45.9,16.2,368.3,324.3,44,13.6,286.6,239.5,47.1,19.7,18.22,4556.8,1386.7
2,13105,文京区,67476,69499,-2023,-2.910833249,34963,36486,-1523,-4.174203804,32513,33013,-500,-1.514554872,24673,24904,-231,-0.927561838,13256,13450,-194,-1.442379182,11417,11454,-37,-0.323031256,51436,53481,-2045,-3.823787887,26278,27820,-1542,-5.542774982,25158,25661,-503,-1.960173025,8633,8886,-253,-2.847175332,4571,4784,-213,-4.452341137,4062,4102,-40,-0.975134081,42803,44595,-1792,21707,23036,-1329,21096,21559,-463,16040,16018,22,0.1,8685,8666,19,0.2,7355,7352,3,0,273.5,279.1,-5.6,-2,263.8,271.3,-7.5,-2.8,284.8,288.2,-3.4,-1.2,11.29,5976.6,2185.4
2,13106,台東区,17319,17685,-366,-2.069550467,8824,8928,-104,-1.164874552,8495,8757,-262,-2.991892201,14698,15254,-556,-3.644945588,7562,7933,-371,-4.676667087,7136,7321,-185,-2.526977189,7495,7676,-181,-2.357998958,3766,3724,42,1.127819549,3729,3952,-223,-5.642712551,4874,5245,-371,-7.073403241,2504,2729,-225,-8.244778307,2370,2516,-146,-5.802861685,2621,2431,190,1262,995,267,1359,1436,-77,9824,10009,-185,-1.8,5058,5204,-146,-2.8,4766,4805,-39,-0.8,117.8,115.9,1.9,1.6,116.7,112.5,4.2,3.7,119,119.6,-0.6,-0.5,10.11,1713.1,1453.8
2,13107,墨田区,21302,23306,-2004,-8.598644126,11461,12790,-1329,-10.39093041,9841,10516,-675,-6.418790415,22193,23685,-1492,-6.299345577,11515,12163,-648,-5.327632985,10678,11522,-844,-7.325117167,6380,6908,-528,-7.643312102,3690,4274,-584,-13.66401497,2690,2634,56,2.12604404,7271,7287,-16,-0.219569096,3744,3647,97,2.659720318,3527,3640,-113,-3.104395604,-891,-379,-512,-54,627,-681,-837,-1006,169,14922,16398,-1476,-9,7771,8516,-745,-8.7,7151,7882,-731,-9.3,96,98.4,-2.4,-2.4,99.5,105.2,-5.7,-5.4,92.2,91.3,0.9,1,13.77,1547,1611.7
2,13108,江東区,42970,39412,3558,9.027707297,22767,20998,1769,8.424611868,20203,18414,1789,9.715433909,48999,47168,1831,3.881869064,25404,24529,875,3.567206164,23595,22639,956,4.222801361,9039,7835,1204,15.3669432,5052,4527,525,11.59708416,3987,3308,679,20.52599758,15068,15591,-523,-3.354499391,7689,8058,-369,-4.579300075,7379,7533,-154,-2.044338245,-6029,-7756,1727,-2637,-3531,894,-3392,-4225,833,33931,31577,2354,7.5,17715,16471,1244,7.6,16216,15106,1110,7.3,87.7,83.6,4.1,4.9,89.6,85.6,4,4.7,85.6,81.3,4.3,5.3,40.16,1070,1220.1
2,13109,品川区,40170,41870,-1700,-4.060186291,19360,20590,-1230,-5.973773677,20810,21280,-470,-2.208646617,32908,33669,-761,-2.260239389,16824,17416,-592,-3.399173174,16084,16253,-169,-1.039808035,18442,18876,-434,-2.299215936,8187,8646,-459,-5.308813324,10255,10230,25,0.244379277,11180,10675,505,4.730679157,5651,5472,179,3.27119883,5529,5203,326,6.265615991,7262,8201,-939,2536,3174,-638,4726,5027,-301,21728,22994,-1266,-5.5,11173,11944,-771,-6.5,10555,11050,-495,-4.5,122.1,124.4,-2.3,-1.8,115.1,118.2,-3.1,-2.6,129.4,130.9,-1.5,-1.1,22.84,1758.8,1440.8
2,13110,目黒区,32378,34505,-2127,-6.164324011,19262,20214,-952,-4.709607203,13116,14291,-1175,-8.221957876,25311,26993,-1682,-6.231245138,13054,13973,-919,-6.576969871,12257,13020,-763,-5.860215054,17542,17950,-408,-2.272980501,11385,11471,-86,-0.749716677,6157,6479,-322,-4.969902763,10475,10438,37,0.354474037,5177,5230,-53,-1.013384321,5298,5208,90,1.728110599,7067,7512,-445,6208,6241,-33,859,1271,-412,14836,16555,-1719,-10.4,7877,8743,-866,-9.9,6959,7812,-853,-10.9,127.9,127.8,0.1,0.1,147.6,144.7,2.9,2,107,109.8,-2.8,-2.6,14.67,2207.1,1725.4
2,13111,大田区,57941,58832,-891,-1.514481915,30809,31629,-820,-2.592557463,27132,27203,-71,-0.261000625,69322,71630,-2308,-3.22211364,35846,37551,-1705,-4.540491598,33476,34079,-603,-1.769418117,11385,9438,1947,20.62937063,6421,5463,958,17.5361523,4964,3975,989,24.88050314,22766,22236,530,2.383522216,11458,11385,73,0.641194554,11308,10851,457,4.211593402,-11381,-12798,1417,-5037,-5922,885,-6344,-6876,532,46556,49394,-2838,-5.7,24388,26166,-1778,-6.8,22168,23228,-1060,-4.6,83.6,82.1,1.5,1.8,85.9,84.2,1.7,2,81,79.8,1.2,1.5,60.66,955.2,1142.8
2,13112,世田谷区,120823,129256,-8433,-6.52426193,63316,67436,-4120,-6.109496411,57507,61820,-4313,-6.976706568,93647,102582,-8935,-8.710105087,49636,54089,-4453,-8.232727542,44011,48493,-4482,-9.242571093,57517,58487,-970,-1.658488211,29682,30161,-479,-1.588143629,27835,28326,-491,-1.733389819,30341,31813,-1472,-4.627039261,16002,16814,-812,-4.829308909,14339,14999,-660,-4.400293353,27176,26674,502,13680,13347,333,13496,13327,169,63306,70769,-7463,-10.5,33634,37275,-3641,-9.8,29672,33494,-3822,-11.4,129,126,3,2.4,127.6,124.7,2.9,2.3,130.7,127.5,3.2,2.5,58.05,2081.4,1613.2
2,13113,渋谷区,50504,51011,-507,-0.993903276,20519,21153,-634,-2.997210798,29985,29858,127,0.425346641,16422,16168,254,1.571004453,8224,7971,253,3.174005771,8198,8197,1,0.012199585,40564,41157,-593,-1.440824161,15549,16408,-859,-5.235251097,25015,24749,266,1.074790901,6482,6314,168,2.66075388,3254,3226,28,0.867947923,3228,3088,140,4.533678757,34082,34843,-761,12295,13182,-887,21787,21661,126,9940,9854,86,0.9,4970,4745,225,4.7,4970,5109,-139,-2.7,307.5,315.5,-8,-2.5,249.5,265.4,-15.9,-6,365.8,364.3,1.5,0.4,15.11,3342.4,1086.8
2,13114,中野区,31218,29902,1316,4.401043409,15833,15247,586,3.843379025,15385,14655,730,4.981235073,25581,29177,-3596,-12.32477636,13233,15121,-1888,-12.4859467,12348,14056,-1708,-12.15139442,16678,12404,4274,34.45662689,8295,6151,2144,34.85612096,8383,6253,2130,34.06364945,11041,11679,-638,-5.462796472,5695,6025,-330,-5.477178423,5346,5654,-308,-5.447470817,5637,725,4912,2600,126,2474,3037,599,2438,14540,17498,-2958,-16.9,7538,9096,-1558,-17.1,7002,8402,-1400,-16.7,122,102.5,19.5,19,119.6,100.8,18.8,18.7,124.6,104.3,20.3,19.5,15.59,2002.4,1640.9
2,13115,杉並区,55044,54243,801,1.476688236,26012,26009,3,0.011534469,29032,28234,798,2.826379542,52769,50898,1871,3.67597941,26876,26201,675,2.576237548,25893,24697,1196,4.842693445,23490,24906,-1416,-5.685377018,10152,10938,-786,-7.185957213,13338,13968,-630,-4.510309278,21215,21561,-346,-1.604749316,11016,11130,-114,-1.02425876,10199,10431,-232,-2.224139584,2275,3345,-1070,-864,-192,-672,3139,3537,-398,31554,29337,2217,7.6,15860,15071,789,5.2,15694,14266,1428,10,104.3,106.6,-2.3,-2.2,96.8,99.3,-2.5,-2.5,112.1,114.3,-2.2,-1.9,34.06,1616.1,1549.3
2,13116,豊島区,56061,62044,-5983,-9.64315647,28763,32028,-3265,-10.19420507,27298,30016,-2718,-9.055170576,23405,27474,-4069,-14.81036616,12070,14032,-1962,-13.98232611,11335,13442,-2107,-15.67475078,41947,44033,-2086,-4.737356074,21472,22808,-1336,-5.857593827,20475,21225,-750,-3.533568905,9291,9463,-172,-1.817605411,4779,4812,-33,-0.685785536,4512,4651,-139,-2.988604601,32656,34570,-1914,16693,17996,-1303,15963,16574,-611,14114,18011,-3897,-21.6,7291,9220,-1929,-20.9,6823,8791,-1968,-22.4,239.5,225.8,13.7,6.1,238.3,228.2,10.1,4.4,240.8,223.3,17.5,7.8,13.01,4309.1,1799
2,13117,北区,32147,34006,-1859,-5.46668235,15435,16068,-633,-3.939507095,16712,17938,-1226,-6.834652693,29281,31963,-2682,-8.390952038,15154,16634,-1480,-8.89743898,14127,15329,-1202,-7.841346468,12849,13331,-482,-3.615632736,5515,5414,101,1.865533801,7334,7917,-583,-7.363900467,9983,11288,-1305,-11.56094968,5234,5980,-746,-12.47491639,4749,5308,-559,-10.53127355,2866,2043,823,281,-566,847,2585,2609,-24,19298,20675,-1377,-6.7,9920,10654,-734,-6.9,9378,10021,-643,-6.4,109.8,106.4,3.4,3.2,101.9,96.6,5.3,5.5,118.3,117,1.3,1.1,20.61,1559.8,1420.7
2,13118,荒川区,17443,18547,-1104,-5.952445139,9662,10330,-668,-6.46660213,7781,8217,-436,-5.306072776,20068,20922,-854,-4.081827741,10331,10891,-560,-5.141860252,9737,10031,-294,-2.930914166,4528,4942,-414,-8.377175233,3014,3248,-234,-7.204433498,1514,1694,-180,-10.6257379,7153,7317,-164,-2.241355747,3683,3809,-126,-3.307954844,3470,3508,-38,-1.083238312,-2625,-2375,-250,-669,-561,-108,-1956,-1814,-142,12915,13605,-690,-5.1,6648,7082,-434,-6.1,6267,6523,-256,-3.9,86.9,88.6,-1.7,-1.9,93.5,94.8,-1.3,-1.4,79.9,81.9,-2,-2.4,10.16,1716.8,1975.2
2,13119,板橋区,55824,57796,-1972,-3.412000831,27376,28382,-1006,-3.544500035,28448,29414,-966,-3.284150405,55314,57989,-2675,-4.612943834,28059,29732,-1673,-5.626933943,27255,28257,-1002,-3.546023994,18481,18364,117,0.637116097,8287,8131,156,1.9185832,10194,10233,-39,-0.381119906,17971,18557,-586,-3.157838013,8970,9481,-511,-5.389726822,9001,9076,-75,-0.826355223,510,-193,703,-683,-1350,667,1193,1157,36,37343,39432,-2089,-5.3,19089,20251,-1162,-5.7,18254,19181,-927,-4.8,100.9,99.7,1.2,1.2,97.6,95.5,2.1,2.2,104.4,104.1,0.3,0.3,32.22,1732.6,1716.8
2,13120,練馬区,63681,71049,-7368,-10.37030782,33242,37010,-3768,-10.18103215,30439,34039,-3600,-10.57610388,79728,89678,-9950,-11.0952519,41257,46415,-5158,-11.11278681,38471,43263,-4792,-11.07643945,10135,10699,-564,-5.271520703,5506,5649,-143,-2.531421491,4629,5050,-421,-8.336633663,26182,29328,-3146,-10.72695035,13521,15054,-1533,-10.18333998,12661,14274,-1613,-11.30026622,-16047,-18629,2582,-8015,-9405,1390,-8032,-9224,1192,53546,60350,-6804,-11.3,27736,31361,-3625,-11.6,25810,28989,-3179,-11,79.9,79.2,0.7,0.9,80.6,79.7,0.9,1.1,79.1,78.7,0.4,0.5,48.08,1324.5,1658.2
2,13121,足立区,58328,62607,-4279,-6.834698995,31360,32940,-1580,-4.796599879,26968,29667,-2699,-9.097650588,67662,78136,-10474,-13.4048326,34936,40676,-5740,-14.11151539,32726,37460,-4734,-12.63747998,7866,3855,4011,104.0466926,5188,2282,2906,127.3444347,2678,1573,1105,70.24793388,17200,19384,-2184,-11.26702435,8764,10018,-1254,-12.51746856,8436,9366,-930,-9.929532351,-9334,-15529,6195,-3576,-7736,4160,-5758,-7793,2035,50462,58752,-8290,-14.1,26172,30658,-4486,-14.6,24290,28094,-3804,-13.5,86.2,80.1,6.1,7.6,89.8,81,8.8,10.9,82.4,79.2,3.2,4,53.25,1095.4,1270.6
2,13122,葛飾区,37943,40250,-2307,-5.731677019,20287,20881,-594,-2.844691346,17656,19369,-1713,-8.844029119,46372,50907,-4535,-8.908401595,24061,26410,-2349,-8.894358198,22311,24497,-2186,-8.923541658,5664,3600,2064,57.33333333,3463,1898,1565,82.45521602,2201,1702,499,29.31844888,14093,14257,-164,-1.150312127,7237,7427,-190,-2.558233473,6856,6830,26,0.380673499,-8429,-10657,2228,-3774,-5529,1755,-4655,-5128,473,32279,36650,-4371,-11.9,16824,18983,-2159,-11.4,15455,17667,-2212,-12.5,81.8,79.1,2.7,3.4,84.3,79.1,5.2,6.6,79.1,79.1,0,0,34.8,1090.3,1332.5
2,13123,江戸川区,66124,72264,-6140,-8.496623492,32673,36080,-3407,-9.442904656,33451,36184,-2733,-7.553062127,82007,86945,-4938,-5.679452528,41698,44710,-3012,-6.736747931,40309,42235,-1926,-4.560198887,7023,6702,321,4.78961504,2708,2544,164,6.446540881,4315,4158,157,3.775853776,22906,21383,1523,7.122480475,11733,11174,559,5.002684804,11173,10209,964,9.442648643,-15883,-14681,-1202,-9025,-8630,-395,-6858,-6051,-807,59101,65562,-6461,-9.9,29965,33536,-3571,-10.6,29136,32026,-2890,-9,80.6,83.1,-2.5,-3,78.4,80.7,-2.3,-2.9,83,85.7,-2.7,-3.2,49.9,1325.1,1643.4
1,13200,市部,538828,580468,-41640,-7.173522055,279702,302584,-22882,-7.562197605,259126,277884,-18758,-6.750298686,520554,559677,-39123,-6.990281895,271915,294496,-22581,-7.667676301,248639,265181,-16542,-6.238003477,104250,105258,-1008,-0.957646925,53761,53794,-33,-0.061345131,50489,51464,-975,-1.894528214,85976,84467,1509,1.786496502,45974,45706,268,0.586356277,40002,38761,1241,3.201671784,18274,20791,-2517,7787,8088,-301,10487,12703,-2216,434578,475210,-40632,-8.6,225941,248790,-22849,-9.2,208637,226420,-17783,-7.9,103.5,103.7,-0.2,-0.2,102.9,102.7,0.2,0.2,104.2,104.8,-0.6,-0.6,784.2,687.1,663.8
2,13201,八王子市,107054,119911,-12857,-10.7221189,60579,68868,-8289,-12.036069,46475,51043,-4568,-8.949317242,78183,88439,-10256,-11.59669377,42049,48386,-6337,-13.09676353,36134,40053,-3919,-9.784535491,46311,48820,-2509,-5.139287177,27489,29566,-2077,-7.024961104,18822,19254,-432,-2.243689623,17440,17348,92,0.530320498,8959,9084,-125,-1.376045795,8481,8264,217,2.625847047,28871,31472,-2601,18530,20482,-1952,10341,10990,-649,60743,71091,-10348,-14.6,33090,39302,-6212,-15.8,27653,31789,-4136,-13,136.9,135.6,1.3,1,144.1,142.3,1.8,1.3,128.6,127.4,1.2,0.9,186.38,574.4,419.5
2,13202,立川市,19661,22821,-3160,-13.8468954,9920,11584,-1664,-14.36464088,9741,11237,-1496,-13.31316188,18261,21610,-3349,-15.49745488,9183,10928,-1745,-15.9681552,9078,10682,-1604,-15.01591462,7877,8060,-183,-2.270471464,4069,4171,-102,-2.445456725,3808,3889,-81,-2.082797634,6477,6849,-372,-5.431449847,3332,3515,-183,-5.206258891,3145,3334,-189,-5.668866227,1400,1211,189,737,656,81,663,555,108,11784,14761,-2977,-20.2,5851,7413,-1562,-21.1,5933,7348,-1415,-19.3,107.7,105.6,2.1,2,108,106,2,1.9,107.3,105.2,2.1,2,24.36,807.1,749.6
2,13203,武蔵野市,25082,25459,-377,-1.480812286,12368,12749,-381,-2.988469684,12714,12710,4,0.031471283,16261,16558,-297,-1.793694891,8290,8538,-248,-2.904661513,7971,8020,-49,-0.610972569,15797,15731,66,0.419553747,7587,7672,-85,-1.107924922,8210,8059,151,1.873681598,6976,6830,146,2.137628111,3509,3461,48,1.386882404,3467,3369,98,2.908875037,8821,8901,-80,4078,4211,-133,4743,4690,53,9285,9728,-443,-4.6,4781,5077,-296,-5.8,4504,4651,-147,-3.2,154.2,153.8,0.4,0.3,149.2,149.3,-0.1,-0.1,159.5,158.5,1,0.6,10.98,2284.3,1481
2,13204,三鷹市,20894,20655,239,1.157104817,10178,10407,-229,-2.20044201,10716,10248,468,4.566744731,23397,23406,-9,-0.038451679,11951,12020,-69,-0.574043261,11446,11386,60,0.526962937,6056,5823,233,4.001373862,2625,2837,-212,-7.472682411,3431,2986,445,14.90288011,8559,8574,-15,-0.174947516,4398,4450,-52,-1.168539326,4161,4124,37,0.897187197,-2503,-2751,248,-1773,-1613,-160,-730,-1138,408,14838,14832,6,0,7553,7570,-17,-0.2,7285,7262,23,0.3,89.3,88.2,1.1,1.2,85.2,86.6,-1.4,-1.6,93.6,90,3.6,4,16.42,1272.5,1424.9
2,13205,青梅市,12116,14004,-1888,-13.48186233,6172,7139,-967,-13.54531447,5944,6865,-921,-13.41587764,15911,18009,-2098,-11.64973069,8274,9397,-1123,-11.95062254,7637,8612,-975,-11.32141198,1100,1219,-119,-9.762100082,510,536,-26,-4.850746269,590,683,-93,-13.61639824,4895,5224,-329,-6.297856049,2612,2794,-182,-6.513958483,2283,2430,-147,-6.049382716,-3795,-4005,210,-2102,-2258,156,-1693,-1747,54,11016,12785,-1769,-13.8,5662,6603,-941,-14.3,5354,6182,-828,-13.4,76.1,77.8,-1.7,-2.2,74.6,76,-1.4,-1.8,77.8,79.7,-1.9,-2.4,103.31,117.3,154
2,13206,府中市,27793,29153,-1360,-4.665043049,14332,15089,-757,-5.016899728,13461,14064,-603,-4.287542662,32241,33348,-1107,-3.319539403,16746,17337,-591,-3.408894272,15495,16011,-516,-3.222784336,6425,6279,146,2.325211021,3176,3212,-36,-1.120797011,3249,3067,182,5.934137594,10873,10474,399,3.809432881,5590,5460,130,2.380952381,5283,5014,269,5.364978061,-4448,-4195,-253,-2414,-2248,-166,-2034,-1947,-87,21368,22874,-1506,-6.6,11156,11877,-721,-6.1,10212,10997,-785,-7.1,86.2,87.4,-1.2,-1.4,85.6,87,-1.4,-1.6,86.9,87.8,-0.9,-1,29.43,944.4,1095.5
2,13207,昭島市,10372,11028,-656,-5.948494741,5287,5617,-330,-5.875022254,5085,5411,-326,-6.024764369,13091,13956,-865,-6.198051018,6709,7237,-528,-7.295840818,6382,6719,-337,-5.015627326,1833,1854,-21,-1.132686084,943,939,4,0.425985091,890,915,-25,-2.732240437,4552,4782,-230,-4.809703053,2365,2559,-194,-7.581086362,2187,2223,-36,-1.619433198,-2719,-2928,209,-1422,-1620,198,-1297,-1308,11,8539,9174,-635,-6.9,4344,4678,-334,-7.1,4195,4496,-301,-6.7,79.2,79,0.2,0.3,78.8,77.6,1.2,1.5,79.7,80.5,-0.8,-1,17.34,598.2,755
2,13208,調布市,27840,28254,-414,-1.465279253,13433,13864,-431,-3.108770918,14407,14390,17,0.118137596,28527,28259,268,0.948370431,15116,14992,124,0.827107791,13411,13267,144,1.085399864,9688,9753,-65,-0.666461602,3924,4129,-205,-4.964882538,5764,5624,140,2.489331437,10375,9758,617,6.323017012,5607,5257,350,6.657789614,4768,4501,267,5.932015108,-687,-5,-682,-1683,-1128,-555,996,1123,-127,18152,18501,-349,-1.9,9509,9735,-226,-2.3,8643,8766,-123,-1.4,97.6,100,-2.4,-2.4,88.9,92.5,-3.6,-3.9,107.4,108.5,-1.1,-1,21.58,1290.1,1321.9
2,13209,町田市,65380,68758,-3378,-4.912882865,34035,35363,-1328,-3.7553375,31345,33395,-2050,-6.13864351,57055,59272,-2217,-3.740383318,29738,30863,-1125,-3.645141432,27317,28409,-1092,-3.8438523,23397,24581,-1184,-4.816728367,12080,12421,-341,-2.745350616,11317,12160,-843,-6.93256579,15072,15095,-23,-0.152368334,7783,7921,-138,-1.742204267,7289,7174,115,1.603010873,8325,9486,-1161,4297,4500,-203,4028,4986,-958,41983,44177,-2194,-5,21955,22942,-987,-4.3,20028,21235,-1207,-5.7,114.6,116,-1.4,-1.2,114.4,114.6,-0.2,-0.2,114.7,117.6,-2.9,-2.5,71.8,910.6,794.6
2,13210,小金井市,20438,21268,-830,-3.902576641,11944,12599,-655,-5.198825304,8494,8669,-175,-2.018687277,15523,16811,-1288,-7.66165011,8410,9254,-844,-9.120380376,7113,7557,-444,-5.87534736,11140,10652,488,4.581299287,6807,6609,198,2.995914662,4333,4043,290,7.172891417,6225,6195,30,0.484261501,3273,3264,9,0.275735294,2952,2931,21,0.716479017,4915,4457,458,3534,3345,189,1381,1112,269,9298,10616,-1318,-12.4,5137,5990,-853,-14.2,4161,4626,-465,-10.1,131.7,126.5,5.2,4.1,142,136.1,5.9,4.3,119.4,114.7,4.7,4.1,11.3,1808.7,1373.7
2,13211,小平市,25720,28837,-3117,-10.80903007,11438,13050,-1612,-12.35249042,14282,15787,-1505,-9.533160195,25865,28456,-2591,-9.105285353,13439,14732,-1293,-8.776812381,12426,13724,-1298,-9.457883999,9760,10414,-654,-6.280007682,3375,3784,-409,-10.80866808,6385,6630,-245,-3.695324284,9905,10033,-128,-1.275789893,5376,5466,-90,-1.646542261,4529,4567,-38,-0.832056054,-145,381,-526,-2001,-1682,-319,1856,2063,-207,15960,18423,-2463,-13.4,8063,9266,-1203,-13,7897,9157,-1260,-13.8,99.4,101.3,-1.9,-1.9,85.1,88.6,-3.5,-4,114.9,115,-0.1,-0.1,20.51,1254,1261.1
2,13212,日野市,22299,24409,-2110,-8.644352493,11878,12367,-489,-3.954071319,10421,12042,-1621,-13.46121907,23810,25428,-1618,-6.363064339,12608,13528,-920,-6.800709639,11202,11900,-698,-5.865546219,7130,7873,-743,-9.437317414,4069,3928,141,3.589613035,3061,3945,-884,-22.40811153,8641,8892,-251,-2.822762033,4799,5089,-290,-5.698565534,3842,3803,39,1.025506179,-1511,-1019,-492,-730,-1161,431,-781,142,-923,15169,16536,-1367,-8.3,7809,8439,-630,-7.5,7360,8097,-737,-9.1,93.7,96,-2.3,-2.4,94.2,91.4,2.8,3.1,93,101.2,-8.2,-8.1,27.55,809.4,864.2
2,13213,東村山市,14117,15735,-1618,-10.28280902,7291,8234,-943,-11.45251397,6826,7501,-675,-8.99880016,18439,19807,-1368,-6.906649164,9541,10217,-676,-6.616423608,8898,9590,-692,-7.215849844,2455,2668,-213,-7.983508246,1244,1521,-277,-18.21170283,1211,1147,64,5.579773322,6777,6740,37,0.548961424,3494,3504,-10,-0.285388128,3283,3236,47,1.452410383,-4322,-4072,-250,-2250,-1983,-267,-2072,-2089,17,11662,13067,-1405,-10.8,6047,6713,-666,-9.9,5615,6354,-739,-11.6,76.6,79.4,-2.8,-3.5,76.4,80.6,-4.2,-5.2,76.7,78.2,-1.5,-1.9,17.14,823.6,1075.8
2,13214,国分寺市,15454,16035,-581,-3.623323979,8660,9145,-485,-5.303444505,6794,6890,-96,-1.393323658,15270,16700,-1430,-8.562874252,7825,8738,-913,-10.44861524,7445,7962,-517,-6.493343381,6916,6366,550,8.639648131,4257,4017,240,5.974607916,2659,2349,310,13.19710515,6732,7031,-299,-4.252595648,3422,3610,-188,-5.207756233,3310,3421,-111,-3.244665303,184,-665,849,835,407,428,-651,-1072,421,8538,9669,-1131,-11.7,4403,5128,-725,-14.1,4135,4541,-406,-8.9,101.2,96,5.2,5.4,110.7,104.7,6,5.7,91.3,86.5,4.8,5.5,11.46,1348.5,1332.5
2,13215,国立市,14762,15812,-1050,-6.640526183,8167,8663,-496,-5.72549925,6595,7149,-554,-7.749335571,9721,10858,-1137,-10.47154172,5032,5781,-749,-12.95623595,4689,5077,-388,-7.64230845,8581,8561,20,0.233617568,4982,4746,236,4.972608512,3599,3815,-216,-5.661861075,3540,3607,-67,-1.857499307,1847,1864,-17,-0.912017167,1693,1743,-50,-2.868617326,5041,4954,87,3135,2882,253,1906,2072,-166,6181,7251,-1070,-14.8,3185,3917,-732,-18.7,2996,3334,-338,-10.1,151.9,145.6,6.3,4.3,162.3,149.9,12.4,8.3,140.6,140.8,-0.2,-0.1,8.15,1811.3,1192.8
2,13218,福生市,4003,5565,-1562,-28.06828392,2224,3057,-833,-27.24893687,1779,2508,-729,-29.06698565,5077,7016,-1939,-27.6368301,2663,3667,-1004,-27.37932915,2414,3349,-935,-27.91878173,907,852,55,6.455399061,585,574,11,1.916376307,322,278,44,15.82733813,1981,2303,-322,-13.98176292,1024,1184,-160,-13.51351351,957,1119,-162,-14.4772118,-1074,-1451,377,-439,-610,171,-635,-841,206,3096,4713,-1617,-34.3,1639,2483,-844,-34,1457,2230,-773,-34.7,78.8,79.3,-0.5,-0.6,83.5,83.4,0.1,0.1,73.7,74.9,-1.2,-1.6,10.16,394,499.7
2,13219,狛江市,5798,6363,-565,-8.879459375,2944,3319,-375,-11.29858391,2854,3044,-190,-6.241787122,8667,9243,-576,-6.231742941,4583,4933,-350,-7.095073992,4084,4310,-226,-5.24361949,1020,852,168,19.71830986,449,392,57,14.54081633,571,460,111,24.13043478,3889,3732,157,4.206859593,2088,2006,82,4.08773679,1801,1726,75,4.345307068,-2869,-2880,11,-1639,-1614,-25,-1230,-1266,36,4778,5511,-733,-13.3,2495,2927,-432,-14.8,2283,2584,-301,-11.6,66.9,68.8,-1.9,-2.8,64.2,67.3,-3.1,-4.6,69.9,70.6,-0.7,-1,6.39,907.4,1356.3
2,13220,東大和市,8464,8753,-289,-3.301725123,4223,4400,-177,-4.022727273,4241,4353,-112,-2.572938204,10332,10835,-503,-4.642362713,5287,5544,-257,-4.635642136,5045,5291,-246,-4.649404649,1583,1525,58,3.803278689,770,769,1,0.130039012,813,756,57,7.53968254,3451,3607,-156,-4.324923759,1834,1913,-79,-4.12963931,1617,1694,-77,-4.545454546,-1868,-2082,214,-1064,-1144,80,-804,-938,134,6881,7228,-347,-4.8,3453,3631,-178,-4.9,3428,3597,-169,-4.7,81.9,80.8,1.1,1.4,79.9,79.4,0.5,0.6,84.1,82.3,1.8,2.2,13.42,630.7,769.9
2,13221,清瀬市,9342,9519,-177,-1.859439017,4513,4506,7,0.155348424,4829,5013,-184,-3.670456812,9269,9890,-621,-6.279069767,4703,5010,-307,-6.127744511,4566,4880,-314,-6.43442623,3014,2788,226,8.106169297,1293,1157,136,11.7545376,1721,1631,90,5.518087063,2941,3159,-218,-6.900918012,1483,1661,-178,-10.71643588,1458,1498,-40,-2.670226969,73,-371,444,-190,-504,314,263,133,130,6328,6731,-403,-6,3220,3349,-129,-3.9,3108,3382,-274,-8.1,100.8,96.2,4.6,4.8,96,89.9,6.1,6.8,105.8,102.7,3.1,3,10.23,913.2,906.1
2,13222,東久留米市,10520,12059,-1539,-12.76225226,5449,6241,-792,-12.69027399,5071,5818,-747,-12.83946373,14165,15493,-1328,-8.571612987,7330,8134,-804,-9.884435702,6835,7359,-524,-7.120532681,1453,1488,-35,-2.352150538,730,764,-34,-4.45026178,723,724,-1,-0.138121547,5098,4922,176,3.575782202,2611,2657,-46,-1.731275875,2487,2265,222,9.801324503,-3645,-3434,-211,-1881,-1893,12,-1764,-1541,-223,9067,10571,-1504,-14.2,4719,5477,-758,-13.8,4348,5094,-746,-14.6,74.3,77.8,-3.5,-4.5,74.3,76.7,-2.4,-3.1,74.2,79.1,-4.9,-6.2,12.88,816.8,1099.8
2,13223,武蔵村山市,9012,8954,58,0.647755193,4437,4395,42,0.955631399,4575,4559,16,0.350954157,9198,9578,-380,-3.96742535,4689,4883,-194,-3.972967438,4509,4695,-186,-3.961661342,2008,1875,133,7.093333333,885,852,33,3.873239437,1123,1023,100,9.775171066,2194,2499,-305,-12.20488195,1137,1340,-203,-15.14925373,1057,1159,-102,-8.80069025,-186,-624,438,-252,-488,236,66,-136,202,7004,7079,-75,-1.1,3552,3543,9,0.3,3452,3536,-84,-2.4,98,93.5,4.5,4.8,94.6,90,4.6,5.1,101.5,97.1,4.4,4.5,15.32,588.3,600.4
2,13224,多摩市,19157,19918,-761,-3.820664725,9023,9137,-114,-1.247674291,10134,10781,-647,-6.001298581,17220,19429,-2209,-11.36960214,8937,10275,-1338,-13.02189781,8283,9154,-871,-9.514966135,7805,7182,623,8.674463938,3167,2543,624,24.53794731,4638,4639,-1,-0.02155637,5868,6693,-825,-12.32631107,3081,3681,-600,-16.2999185,2787,3012,-225,-7.470119522,1937,489,1448,86,-1138,1224,1851,1627,224,11352,12736,-1384,-10.9,5856,6594,-738,-11.2,5496,6142,-646,-10.5,111.2,102.5,8.7,8.5,101,88.9,12.1,13.6,122.3,117.8,4.5,3.8,21.01,911.8,819.6
2,13225,稲城市,9760,9962,-202,-2.02770528,4173,4372,-199,-4.551692589,5587,5590,-3,-0.053667263,12427,12087,340,2.812939522,6430,6372,58,0.910232266,5997,5715,282,4.934383202,1878,1871,7,0.374131481,186,172,14,8.139534884,1692,1699,-7,-0.412007063,4545,3996,549,13.73873874,2443,2172,271,12.47697974,2102,1824,278,15.24122807,-2667,-2125,-542,-2257,-2000,-257,-410,-125,-285,7882,8091,-209,-2.6,3987,4200,-213,-5.1,3895,3891,4,0.1,78.5,82.4,-3.9,-4.7,64.9,68.6,-3.7,-5.4,93.2,97.8,-4.6,-4.7,17.97,543.1,691.5
2,13227,羽村市,5408,5978,-570,-9.534961526,2782,3053,-271,-8.876514903,2626,2925,-299,-10.22222222,7019,7621,-602,-7.899225823,3574,3862,-288,-7.457276023,3445,3759,-314,-8.353285448,775,695,80,11.51079137,456,405,51,12.59259259,319,290,29,10,2386,2338,48,2.053036784,1248,1214,34,2.800658979,1138,1124,14,1.245551601,-1611,-1643,32,-792,-809,17,-819,-834,15,4633,5283,-650,-12.3,2326,2648,-322,-12.2,2307,2635,-328,-12.4,77,78.4,-1.4,-1.8,77.8,79.1,-1.3,-1.6,76.2,77.8,-1.6,-2.1,9.9,546.3,709
2,13228,あきる野市,9084,9809,-725,-7.391171373,4892,5321,-429,-8.062394287,4192,4488,-296,-6.595365419,10124,10839,-715,-6.596549497,5298,5702,-404,-7.085233252,4826,5137,-311,-6.054117189,1865,1953,-88,-4.505888377,1106,1200,-94,-7.833333333,759,753,6,0.796812749,2905,2983,-78,-2.614817298,1512,1581,-69,-4.364326376,1393,1402,-9,-0.641940086,-1040,-1030,-10,-406,-381,-25,-634,-649,15,7219,7856,-637,-8.1,3786,4121,-335,-8.1,3433,3735,-302,-8.1,89.7,90.5,-0.8,-0.9,92.3,93.3,-1,-1.1,86.9,87.4,-0.5,-0.6,73.47,123.6,137.8
2,13229,西東京市,19298,21449,-2151,-10.02843955,9360,10045,-685,-6.819313091,9938,11404,-1466,-12.85513855,25501,26729,-1228,-4.594260915,13510,14166,-656,-4.630806156,11991,12563,-572,-4.553052615,4511,4830,-319,-6.604554865,1771,1503,268,17.83100466,2740,3327,-587,-17.64352269,10714,10110,604,5.974282888,5921,5624,297,5.280938834,4793,4486,307,6.843513152,-6203,-5280,-923,-4150,-4121,-29,-2053,-1159,-894,14787,16619,-1832,-11,7589,8542,-953,-11.2,7198,8077,-879,-10.9,75.7,80.2,-4.5,-5.6,69.3,70.9,-1.6,-2.3,82.9,90.8,-7.9,-8.7,15.75,1225.3,1619.1
1,13300,郡部,4633,5074,-441,-8.691367757,2365,2557,-192,-7.508799374,2268,2517,-249,-9.89272944,6569,7167,-598,-8.343797963,3499,3838,-339,-8.832725378,3070,3329,-259,-7.780114148,338,340,-2,-0.588235294,122,116,6,5.172413793,216,224,-8,-3.571428571,2274,2433,-159,-6.5351418,1256,1397,-141,-10.09305655,1018,1036,-18,-1.737451738,-1936,-2093,157,-1134,-1281,147,-802,-812,10,4295,4734,-439,-9.3,2243,2441,-198,-8.1,2052,2293,-241,-10.5,70.5,70.8,-0.3,-0.4,67.6,66.6,1,1.5,73.9,75.6,-1.7,-2.2,375.86,12.3,17.5
2,13303,瑞穂町,3082,3488,-406,-11.63990826,1548,1746,-198,-11.34020619,1534,1742,-208,-11.94029851,4080,4601,-521,-11.3236253,2113,2416,-303,-12.54139073,1967,2185,-218,-9.977116705,334,328,6,1.829268293,116,110,6,5.454545455,218,218,0,0,1332,1441,-109,-7.564191534,681,780,-99,-12.69230769,651,661,-10,-1.512859304,-998,-1113,115,-565,-670,105,-433,-443,10,2748,3160,-412,-13,1432,1636,-204,-12.5,1316,1524,-208,-13.6,75.5,75.8,-0.3,-0.4,73.3,72.3,1,1.4,78,79.7,-1.7,-2.1,16.85,182.9,242.1
2,13305,日の出町,1234,1161,73,6.287683032,646,598,48,8.026755853,588,563,25,4.440497336,1943,1865,78,4.18230563,1092,1066,26,2.43902439,851,799,52,6.508135169,10,11,-1,-9.090909091,6,4,2,50,4,7,-3,-42.85714286,719,715,4,0.559440559,452,472,-20,-4.237288136,267,243,24,9.87654321,-709,-704,-5,-446,-468,22,-263,-236,-27,1224,1150,74,6.4,640,594,46,7.7,584,556,28,5,63.5,62.3,1.2,1.9,59.2,56.1,3.1,5.5,69.1,70.5,-1.4,-2,28.07,44,69.2
2,13307,檜原村,91,132,-41,-31.06060606,44,60,-16,-26.66666667,47,72,-25,-34.72222222,159,205,-46,-22.43902439,79,105,-26,-24.76190476,80,100,-20,-20,0,3,-3,-100,-,2,-2,-100,-,1,-1,-100,68,76,-8,-10.52631579,35,47,-12,-25.53191489,33,29,4,13.79310345,-68,-73,5,-35,-45,10,-33,-28,-5,91,129,-38,-29.5,44,58,-14,-24.1,47,71,-24,-33.8,57.2,64.4,-7.2,-11.2,55.7,57.1,-1.4,-2.5,58.8,72,-13.2,-18.3,105.41,0.9,1.5
2,13308,奥多摩町,226,293,-67,-22.8668942,127,153,-26,-16.99346405,99,140,-41,-29.28571429,387,496,-109,-21.97580645,215,251,-36,-14.34262948,172,245,-73,-29.79591837,5,1,4,400,4,1,3,300,1,-,1,-,166,204,-38,-18.62745098,92,99,-7,-7.070707071,74,105,-31,-29.52380952,-161,-203,42,-88,-98,10,-73,-105,32,221,292,-71,-24.3,123,152,-29,-19.1,98,140,-42,-30,58.4,59.1,-0.7,-1.2,59.1,61,-1.9,-3.1,57.6,57.1,0.5,0.9,225.53,1,1.7
1,13350,島部,2514,2664,-150,-5.630630631,1386,1440,-54,-3.75,1128,1224,-96,-7.843137255,2461,2667,-206,-7.724034496,1348,1440,-92,-6.388888889,1113,1227,-114,-9.290953545,77,8,69,862.5,47,5,42,840,30,3,27,900,24,11,13,118.1818182,9,5,4,80,15,6,9,150,53,-3,56,38,-,38,15,-3,18,2437,2656,-219,-8.2,1339,1435,-96,-6.7,1098,1221,-123,-10.1,102.2,99.9,2.3,2.3,102.8,100,2.8,2.8,101.3,99.8,1.5,1.5,404.16,6.2,6.1
2,13361,大島町,893,942,-49,-5.201698514,516,530,-14,-2.641509434,377,412,-35,-8.495145631,872,938,-66,-7.036247335,497,526,-29,-5.513307985,375,412,-37,-8.980582524,29,6,23,383.3333333,22,4,18,450,7,2,5,250,8,2,6,300,3,-,3,-,5,2,3,150,21,4,17,19,4,15,2,-,2,864,936,-72,-7.7,494,526,-32,-6.1,370,410,-40,-9.8,102.4,100.4,2,2,103.8,100.8,3,3,100.5,100,0.5,0.5,90.76,9.8,9.6
2,13362,利島村,35,19,16,84.21052632,22,13,9,69.23076923,13,6,7,116.6666667,25,19,6,31.57894737,16,13,3,23.07692308,9,6,3,50,10,-,10,-,6,-,6,-,4,-,4,-,-,-,-,-,-,-,-,-,-,-,-,-,10,-,10,6,-,6,4,-,4,25,19,6,31.6,16,13,3,23.1,9,6,3,50,140,100,40,40,137.5,100,37.5,37.5,144.4,100,44.4,44.4,4.12,8.5,6.1
2,13363,新島村,243,253,-10,-3.95256917,127,124,3,2.419354839,116,129,-13,-10.07751938,238,257,-19,-7.392996109,124,127,-3,-2.362204724,114,130,-16,-12.30769231,7,-,7,-,3,-,3,-,4,-,4,-,2,4,-2,-50,-,3,-3,-100,2,1,1,100,5,-4,9,3,-3,6,2,-1,3,236,253,-17,-6.7,124,124,0,0,112,129,-17,-13.2,102.1,98.4,3.7,3.8,102.4,97.6,4.8,4.9,101.8,99.2,2.6,2.6,27.54,8.8,8.6
2,13364,神津島村,208,211,-3,-1.421800948,111,112,-1,-0.892857143,97,99,-2,-2.02020202,206,214,-8,-3.738317757,112,113,-1,-0.884955752,94,101,-7,-6.930693069,4,-,4,-,1,-,1,-,3,-,3,-,2,3,-1,-33.33333333,2,1,1,100,-,2,-2,-100,2,-3,5,-1,-1,0,3,-2,5,204,211,-7,-3.3,110,112,-2,-1.8,94,99,-5,-5.1,101,98.6,2.4,2.4,99.1,99.1,0,0,103.2,98,5.2,5.3,18.58,11.2,11.1
2,13381,三宅村,142,147,-5,-3.401360544,90,81,9,11.11111111,52,66,-14,-21.21212121,142,147,-5,-3.401360544,90,81,9,11.11111111,52,66,-14,-21.21212121,4,-,4,-,2,-,2,-,2,-,2,-,4,-,4,-,2,-,2,-,2,-,2,-,-,-,-,-,-,-,-,-,-,138,147,-9,-6.1,88,81,7,8.6,50,66,-16,-24.2,100,100,0,0,100,100,0,0,100,100,0,0,55.27,2.6,2.6
2,13382,御蔵島村,23,30,-7,-23.33333333,13,16,-3,-18.75,10,14,-4,-28.57142857,19,30,-11,-36.66666667,12,16,-4,-25,7,14,-7,-50,4,-,4,-,1,-,1,-,3,-,3,-,-,-,-,-,-,-,-,-,-,-,-,-,4,-,4,1,-,1,3,-,3,19,30,-11,-36.7,12,16,-4,-25,7,14,-7,-50,121.1,100,21.1,21.1,108.3,100,8.3,8.3,142.9,100,42.9,42.9,20.54,1.1,0.9
2,13401,八丈町,690,776,-86,-11.08247423,363,415,-52,-12.53012048,327,361,-34,-9.418282549,683,776,-93,-11.98453608,356,416,-60,-14.42307692,327,360,-33,-9.166666667,12,1,11,1100,7,-,7,-,5,1,4,400,5,1,4,400,-,1,-1,-100,5,-,5,-,7,-,7,7,-1,8,-,1,-1,678,775,-97,-12.5,356,415,-59,-14.2,322,360,-38,-10.6,101,100,1,1,102,99.8,2.2,2.2,100,100.3,-0.3,-0.3,72.23,9.6,9.5
2,13402,青ヶ島村,19,26,-7,-26.92307692,10,17,-7,-41.17647059,9,9,0,0,14,25,-11,-44,6,16,-10,-62.5,8,9,-1,-11.11111111,5,1,4,400,4,1,3,300,1,-,1,-,-,-,-,-,-,-,-,-,-,-,-,-,5,1,4,4,1,3,1,-,1,14,25,-11,-44,6,16,-10,-62.5,8,9,-1,-11.1,135.7,104,31.7,30.5,166.7,106.3,60.4,56.8,112.5,100,12.5,12.5,5.96,3.2,2.3
2,13421,小笠原村,261,260,1,0.384615385,134,132,2,1.515151515,127,128,-1,-0.78125,262,261,1,0.383141763,135,132,3,2.272727273,127,129,-2,-1.550387597,2,-,2,-,1,-,1,-,1,-,1,-,3,1,2,200,2,-,2,-,1,1,0,0,-1,-1,0,-1,-,-1,-,-1,1,259,260,-1,-0.4,133,132,1,0.8,126,128,-2,-1.6,99.6,99.6,0,0,99.3,100,-0.7,-0.7,100,99.2,0.8,0.8,104.35,2.5,2.5
,,,,,,,,,,,,,,,,,,,,,,,,,,,,,,,,,,,,,,,,,,,,,,,,,,,,,,,,,,,,,,,,,,,,,,,,,,,,,,,,,,,,,,
平成27年国勢調査による東京都の昼間人口,,,,,,,,,,,,,,,,,,,,,,,,,,,,,,,,,,,,,,,,,,,,,,,,,,,,,,,,,,,,,,,,,,,,,,,,,,,,,,,,,,,,,,
第3表の2　地域、男女別昼間・常住・流入・流出通学者の増減,,,,,,,,,,,,,,,,,,,,,,,,,,,,,,,,,,,,,,,,,,,,,,,,,,,,,,,,,,,,,,,,,,,,,,,,,,,,,,,,,,,,,,
注　1)　流入通学者、流出通学者、流入超過通学者及び残留通学者のうち「東京都総数」、「区部」、「市部」、「郡部」及び「島部」の数値は合計値ではなく、それぞれの地区内移動者数を差し引いた数値である。,,,,,,,,,,,,,,,,,,,,,,,,,,,,,,,,,,,,,,,,,,,,,,,,,,,,,,,,,,,,,,,,,,,,,,,,,,,,,,,,,,,,,,
注　2)　昼夜間通学者比率＝昼間通学者÷常住通学者×100,,,,,,,,,,,,,,,,,,,,,,,,,,,,,,,,,,,,,,,,,,,,,,,,,,,,,,,,,,,,,,,,,,,,,,,,,,,,,,,,,,,,,,
注　3） 流入超過通学者のマイナス値は流出超過である。,,,,,,,,,,,,,,,,,,,,,,,,,,,,,,,,,,,,,,,,,,,,,,,,,,,,,,,,,,,,,,,,,,,,,,,,,,,,,,,,,,,,,,
地域階層（0:東京都総数　1:区部・市部・郡部・島部　2:区市町村）,,,,,,,,,,,,,,,,,,,,,,,,,,,,,,,,,,,,,,,,,,,,,,,,,,,,,,,,,,,,,,,,,,,,,,,,,,,,,,,,,,,,,,
